エリア,打率,気温(°C)
1,0.2,19.8
1,0.2,19.8
1,0.0,19.8
2,0.5,19.8
2,0.0,19.8
0,0.25,19.8
1,0.3333333333333333,19.8
0,0.25,19.8
0,0.0,19.8
1,1.0,19.8
1,0.0,19.8
1,0.0,5.033333333333334
1,0.0,5.033333333333334
1,0.3333333333333333,5.033333333333334
1,0.0,5.033333333333334
1,0.0,5.033333333333334
2,0.0,5.033333333333334
2,0.0,5.033333333333334
0,0.3333333333333333,5.033333333333334
1,0.0,5.033333333333334
0,0.0,5.033333333333334
1,0.5,5.033333333333334
1,0.0,5.033333333333334
1,0.0,5.033333333333334
0,0.5,13.774999999999999
1,0.0,13.774999999999999
2,0.0,13.774999999999999
2,0.25,13.774999999999999
1,0.25,13.774999999999999
1,0.0,13.774999999999999
1,0.0,13.774999999999999
1,0.5,13.774999999999999
1,0.3333333333333333,13.774999999999999
1,0.0,13.774999999999999
1,1.0,13.774999999999999
0,0.0,13.774999999999999
1,0.0,13.774999999999999
0,0.4,10.75
1,0.0,10.75
2,0.25,10.75
2,0.6,10.75
1,0.3333333333333333,10.75
1,0.0,10.75
1,0.0,10.75
1,0.0,10.75
1,0.0,10.75
1,1.0,10.75
1,0.6666666666666666,10.75
1,0.0,10.75
1,0.0,10.75
0,0.25,8.233333333333333
1,0.5,8.233333333333333
2,0.25,8.233333333333333
2,0.25,8.233333333333333
1,0.25,8.233333333333333
1,0.0,8.233333333333333
1,0.0,8.233333333333333
1,0.0,8.233333333333333
0,0.0,8.233333333333333
1,0.5,8.233333333333333
0,0.2,11.72
1,0.0,11.72
1,0.2,11.72
2,0.3333333333333333,11.72
1,0.0,11.72
2,0.0,11.72
1,0.25,11.72
1,0.0,11.72
1,0.0,11.72
1,0.0,11.72
1,0.0,11.72
1,0.0,11.72
1,0.0,11.72
1,0.0,11.72
0,0.25,15.666666666666666
1,0.0,15.666666666666666
2,0.0,15.666666666666666
2,0.75,15.666666666666666
1,0.25,15.666666666666666
1,0.0,15.666666666666666
0,0.0,15.666666666666666
1,0.0,15.666666666666666
2,0.0,15.666666666666666
0,0.0,16.5
1,0.5,16.5
2,0.25,16.5
2,0.0,16.5
1,0.3333333333333333,16.5
1,0.6666666666666666,16.5
1,0.25,16.5
1,0.25,16.5
0,1.0,16.5
1,0.0,16.5
1,0.0,16.5
0,0.0,18.099999999999998
1,0.0,18.099999999999998
2,0.25,18.099999999999998
2,0.5,18.099999999999998
1,0.0,18.099999999999998
1,0.6666666666666666,18.099999999999998
1,0.25,18.099999999999998
0,0.0,18.099999999999998
1,0.0,18.099999999999998
2,0.0,18.099999999999998
1,0.0,18.099999999999998
1,1.0,18.099999999999998
1,0.25,11.475
1,0.25,11.475
2,0.3333333333333333,11.475
2,0.0,11.475
1,0.3333333333333333,11.475
1,0.0,11.475
1,0.0,11.475
0,0.0,11.475
1,0.0,11.475
0,0.0,11.475
1,0.0,11.475
1,0.0,11.475
1,0.6,19.96
1,0.2,19.96
2,0.2,19.96
1,0.25,19.96
0,0.0,19.96
2,0.25,19.96
1,0.0,19.96
1,0.2,19.96
1,0.3333333333333333,19.96
1,0.0,19.96
1,0.0,19.96
1,0.0,19.96
1,0.0,19.96
0,0.0,19.96
1,0.0,20.225
1,0.0,20.225
1,0.3333333333333333,20.225
2,0.3333333333333333,20.225
2,0.3333333333333333,20.225
1,0.25,20.225
1,0.0,20.225
0,0.0,20.225
1,0.0,20.225
0,0.6666666666666666,20.225
1,1.0,20.225
1,0.0,20.225
1,0.5,20.225
0,0.0,19.875
1,1.0,19.875
2,0.25,19.875
1,0.0,19.875
1,0.0,19.875
2,0.5,19.875
1,0.3333333333333333,19.875
1,0.75,19.875
1,0.25,19.875
1,1.0,19.875
0,0.0,19.875
1,1.0,19.875
1,0.0,19.875
0,0.0,19.875
1,0.0,20.4
2,0.6666666666666666,20.4
1,0.4,20.4
2,0.25,20.4
1,0.0,20.4
1,0.0,20.4
1,0.5,20.4
1,1.0,20.4
0,0.25,20.4
2,0.0,20.4
1,0.0,20.4
1,0.0,20.4
1,0.5,20.4
1,0.0,20.4
1,0.75,17.525
2,0.5,17.525
1,0.0,17.525
1,0.0,17.525
2,0.0,17.525
1,0.0,17.525
1,0.25,17.525
0,0.25,17.525
0,0.0,17.525
1,0.0,17.525
0,0.0,17.525
1,0.0,17.525
1,0.0,17.525
1,0.2,14.725
2,0.25,14.725
1,1.0,14.725
1,0.25,14.725
2,0.6,14.725
1,0.25,14.725
1,0.5,14.725
1,0.0,14.725
1,0.4,14.725
0,0.8,14.725
1,0.0,14.725
0,0.5,14.725
0,0.25,20.900000000000002
2,0.5,20.900000000000002
0,0.5,20.900000000000002
2,0.25,20.900000000000002
1,0.0,20.900000000000002
1,0.0,20.900000000000002
1,0.0,20.900000000000002
1,0.0,20.900000000000002
1,0.6666666666666666,20.900000000000002
1,0.0,20.900000000000002
1,0.0,20.900000000000002
0,0.0,20.900000000000002
1,0.0,20.900000000000002
1,0.0,24.175
2,0.5,24.175
1,1.0,24.175
1,0.6666666666666666,24.175
2,0.2,24.175
0,0.25,24.175
1,0.3333333333333333,24.175
0,0.0,24.175
1,0.0,24.175
1,0.25,24.175
1,0.25,21.18
2,0.0,21.18
1,0.25,21.18
2,0.25,21.18
0,0.0,21.18
1,0.0,21.18
0,0.0,21.18
1,0.5,21.18
1,0.0,21.18
1,1.0,21.18
1,0.6666666666666666,21.18
1,0.25,17.825
2,0.3333333333333333,17.825
1,0.5,17.825
2,0.0,17.825
0,0.0,17.825
1,0.6666666666666666,17.825
1,0.25,17.825
1,0.0,17.825
1,0.0,17.825
1,0.3333333333333333,17.825
1,0.2,18.725
2,0.3333333333333333,18.725
1,0.0,18.725
2,0.3333333333333333,18.725
0,0.0,18.725
1,0.25,18.725
1,0.0,18.725
1,0.0,18.725
1,0.0,18.725
1,0.0,18.725
1,0.25,18.725
1,0.3333333333333333,18.25
1,0.0,18.25
0,0.25,18.25
2,0.25,18.25
1,0.0,18.25
2,0.0,18.25
0,0.0,18.25
0,0.0,18.25
1,0.0,18.25
1,0.0,18.25
1,0.0,18.25
0,0.0,18.25
1,0.0,18.225
1,1.0,18.225
1,0.0,18.225
0,0.2,18.225
2,0.4,18.225
1,0.0,18.225
2,0.0,18.225
1,0.0,18.225
1,0.25,18.225
1,0.6666666666666666,18.225
1,0.0,18.225
1,0.0,18.225
0,0.0,18.225
1,0.3333333333333333,18.099999999999998
1,0.0,18.099999999999998
2,0.3333333333333333,18.099999999999998
1,0.5,18.099999999999998
0,0.25,18.099999999999998
2,1.0,18.099999999999998
1,0.0,18.099999999999998
0,0.0,18.099999999999998
1,0.0,18.099999999999998
1,0.0,18.099999999999998
1,0.0,18.099999999999998
1,0.4,21.325
0,0.0,21.325
2,0.0,21.325
1,0.0,21.325
0,0.2,21.325
2,0.5,21.325
1,0.0,21.325
1,0.25,21.325
1,0.5,21.325
0,1.0,21.325
2,0.0,21.325
1,0.0,21.325
1,1.0,21.325
1,0.25,21.066666666666666
2,0.3333333333333333,21.066666666666666
1,0.5,21.066666666666666
0,0.0,21.066666666666666
2,0.3333333333333333,21.066666666666666
1,0.3333333333333333,21.066666666666666
1,0.0,21.066666666666666
0,0.3333333333333333,21.066666666666666
1,0.0,21.066666666666666
1,0.0,22.233333333333334
0,0.3333333333333333,22.233333333333334
1,0.0,22.233333333333334
1,0.0,22.233333333333334
2,0.5,22.233333333333334
2,0.0,22.233333333333334
0,0.3333333333333333,22.233333333333334
1,0.0,22.233333333333334
1,0.0,22.233333333333334
1,0.5,22.233333333333334
1,0.0,22.233333333333334
2,0.0,22.233333333333334
1,0.0,22.233333333333334
1,0.0,21.25
1,0.0,21.25
2,0.4,21.25
2,0.0,21.25
0,0.5,21.25
0,0.3333333333333333,21.25
1,0.5,21.25
1,0.0,21.25
1,0.0,21.25
1,0.0,21.25
1,0.0,23.325
2,0.6,23.325
1,0.5,23.325
2,0.6666666666666666,23.325
0,0.5,23.325
0,0.25,23.325
1,0.0,23.325
0,0.25,23.325
1,0.0,23.325
1,0.0,23.325
1,1.0,23.325
1,0.2,23.55
2,0.3333333333333333,23.55
1,0.0,23.55
2,0.0,23.55
0,0.3333333333333333,23.55
0,0.5,23.55
1,0.75,23.55
0,0.0,23.55
1,0.0,23.55
0,0.0,23.55
0,0.0,23.55
1,0.0,23.55
1,0.4,26.675
0,1.0,26.675
2,0.0,26.675
1,0.0,26.675
2,0.25,26.675
1,0.0,26.675
1,0.0,26.675
1,0.25,26.675
0,0.0,26.675
1,0.0,26.675
2,0.0,26.675
1,0.0,26.675
0,0.0,26.675
1,0.5,21.7
0,0.0,21.7
2,0.0,21.7
1,0.0,21.7
1,0.3333333333333333,21.7
0,0.0,21.7
2,0.25,21.7
1,0.0,21.7
1,0.0,21.7
1,0.25,21.7
0,0.4,21.7
1,0.0,21.7
1,0.0,21.7
1,0.0,21.7
1,0.0,18.666666666666668
0,0.25,18.666666666666668
2,0.0,18.666666666666668
1,0.5,18.666666666666668
2,0.25,18.666666666666668
1,0.25,18.666666666666668
1,0.3333333333333333,18.666666666666668
1,0.3333333333333333,18.666666666666668
1,0.0,18.666666666666668
1,0.0,18.666666666666668
0,0.0,18.666666666666668
1,0.0,17.099999999999998
1,0.0,17.099999999999998
0,0.0,17.099999999999998
2,0.0,17.099999999999998
1,0.0,17.099999999999998
1,0.25,17.099999999999998
0,0.3333333333333333,17.099999999999998
0,0.0,17.099999999999998
1,1.0,17.099999999999998
1,0.0,17.099999999999998
1,1.0,17.099999999999998
1,0.4,19.825
1,0.25,19.825
2,0.2,19.825
2,0.25,19.825
1,0.25,19.825
1,0.3333333333333333,19.825
0,0.3333333333333333,19.825
1,0.3333333333333333,19.825
0,0.0,19.825
2,0.0,19.825
1,0.0,19.825
0,0.0,19.825
1,1.0,19.825
1,0.0,18.25
0,0.0,18.25
1,1.0,18.25
1,0.0,18.25
0,0.0,18.25
2,0.25,18.25
0,0.6666666666666666,18.25
1,0.0,18.25
1,0.0,18.25
1,0.0,18.25
2,0.0,18.25
0,1.0,18.25
1,0.0,19.2
1,0.0,19.2
0,0.3333333333333333,19.2
0,0.0,19.2
2,0.3333333333333333,19.2
1,0.0,19.2
1,0.6666666666666666,19.2
1,0.25,19.2
1,0.5,19.2
1,0.0,19.2
1,0.0,19.2
0,0.0,19.2
1,0.25,19.666666666666668
1,0.0,19.666666666666668
0,0.25,19.666666666666668
2,0.3333333333333333,19.666666666666668
0,0.25,19.666666666666668
1,0.25,19.666666666666668
1,0.25,19.666666666666668
0,0.0,19.666666666666668
2,0.0,19.666666666666668
1,0.0,19.666666666666668
1,0.0,19.666666666666668
1,0.2,15.275
0,0.0,15.275
1,0.0,15.275
1,0.0,15.275
2,0.25,15.275
1,0.5,15.275
1,0.0,15.275
0,0.3333333333333333,15.275
2,1.0,15.275
1,0.0,15.275
1,1.0,15.275
1,0.0,15.275
1,0.0,15.275
0,1.0,15.275
0,0.25,16.56
1,0.25,16.56
1,0.25,16.56
2,0.25,16.56
0,0.0,16.56
1,0.25,16.56
0,0.5,16.56
0,0.3333333333333333,16.56
1,0.0,16.56
1,0.0,16.56
1,0.0,16.56
0,0.5,22.2
1,0.0,22.2
0,0.0,22.2
2,0.0,22.2
1,0.0,22.2
0,0.3333333333333333,22.2
0,0.0,22.2
2,0.0,22.2
1,0.5,22.2
1,1.0,22.2
1,0.0,22.2
0,0.0,23.55
0,0.0,23.55
2,0.6666666666666666,23.55
2,0.25,23.55
0,0.0,23.55
1,0.0,23.55
1,0.0,23.55
1,0.0,23.55
0,0.0,23.55
1,0.0,23.55
1,0.6666666666666666,23.55
1,0.0,23.55
1,0.0,23.55
1,0.0,23.55
1,0.25,25.475
0,0.3333333333333333,25.475
0,0.0,25.475
2,0.3333333333333333,25.475
2,0.25,25.475
1,0.25,25.475
1,0.0,25.475
0,0.0,25.475
1,0.3333333333333333,25.475
1,0.0,25.475
1,0.0,25.475
1,0.3333333333333333,26.4
1,0.0,26.4
1,0.0,26.4
2,0.3333333333333333,26.4
2,0.3333333333333333,26.4
0,0.25,26.4
0,0.0,26.4
0,0.0,26.4
1,0.3333333333333333,26.4
1,0.0,26.4
1,0.0,26.4
1,0.25,20.225
1,0.0,20.225
1,0.0,20.225
2,0.25,20.225
2,0.5,20.225
1,0.0,20.225
1,0.0,20.225
0,0.0,20.225
1,0.0,20.225
0,0.0,20.225
1,0.0,20.225
1,0.25,17.933333333333334
2,0.25,17.933333333333334
0,0.75,17.933333333333334
2,0.5,17.933333333333334
1,0.25,17.933333333333334
1,0.0,17.933333333333334
1,0.25,17.933333333333334
0,0.0,17.933333333333334
1,0.0,17.933333333333334
1,0.0,14.866666666666667
2,0.25,14.866666666666667
0,0.25,14.866666666666667
2,0.0,14.866666666666667
1,0.0,14.866666666666667
1,0.0,14.866666666666667
1,0.25,14.866666666666667
1,0.3333333333333333,14.866666666666667
0,0.0,14.866666666666667
1,1.0,14.866666666666667
1,0.0,14.866666666666667
1,0.0,14.866666666666667
1,0.0,21.825
1,0.0,21.825
2,0.0,21.825
2,0.5,21.825
0,0.5,21.825
1,1.0,21.825
0,0.0,21.825
1,0.3333333333333333,21.825
1,0.25,21.825
1,0.3333333333333333,23.933333333333334
2,0.25,23.933333333333334
0,0.0,23.933333333333334
2,0.0,23.933333333333334
1,0.25,23.933333333333334
1,0.3333333333333333,23.933333333333334
0,0.0,23.933333333333334
1,0.5,23.933333333333334
1,0.0,23.933333333333334
1,0.0,23.933333333333334
1,0.5,23.933333333333334
1,0.0,26.825
2,0.4,26.825
0,0.75,26.825
2,0.0,26.825
1,0.0,26.825
1,0.0,26.825
1,0.6666666666666666,26.825
1,0.0,26.825
1,1.0,26.825
0,0.0,26.825
1,0.3333333333333333,26.825
1,0.1666666666666666,28.76
1,0.25,28.76
2,0.6666666666666666,28.76
2,0.0,28.76
0,0.4,28.76
1,0.0,28.76
1,0.1666666666666666,28.76
1,0.25,28.76
1,0.5,28.76
1,0.0,28.76
1,0.0,28.76
1,0.0,28.76
1,0.5,27.9
1,0.3333333333333333,27.9
2,0.25,27.9
2,0.25,27.9
0,0.25,27.9
1,0.0,27.9
0,0.0,27.9
1,1.0,27.9
1,1.0,27.9
1,0.0,27.9
2,0.0,27.9
0,0.0,27.9
1,0.0,27.9
1,0.3333333333333333,27.53333333333333
2,0.0,27.53333333333333
0,0.5,27.53333333333333
2,0.25,27.53333333333333
1,0.3333333333333333,27.53333333333333
1,0.0,27.53333333333333
1,0.0,27.53333333333333
1,0.0,27.53333333333333
0,0.0,27.53333333333333
2,1.0,27.53333333333333
1,0.0,27.53333333333333
1,0.6,25.880000000000003
1,0.0,25.880000000000003
1,0.5,25.880000000000003
0,0.2,25.880000000000003
2,0.25,25.880000000000003
2,0.5,25.880000000000003
1,0.5,25.880000000000003
1,0.25,25.880000000000003
1,0.4,25.880000000000003
1,0.0,25.880000000000003
1,0.0,25.880000000000003
1,1.0,25.880000000000003
1,0.0,25.880000000000003
1,0.6,29.05
1,0.5,29.05
2,0.5,29.05
1,0.0,29.05
2,0.3333333333333333,29.05
0,0.0,29.05
1,0.3333333333333333,29.05
1,0.5,29.05
0,0.25,29.05
1,0.0,29.05
1,0.25,31.759999999999998
1,0.0,31.759999999999998
1,0.0,31.759999999999998
0,0.5,31.759999999999998
2,0.5,31.759999999999998
1,0.25,31.759999999999998
1,0.0,31.759999999999998
1,0.25,31.759999999999998
0,0.0,31.759999999999998
1,0.0,31.759999999999998
1,0.0,31.759999999999998
1,0.0,31.759999999999998
1,0.0,31.759999999999998
1,0.0,31.759999999999998
1,0.25,26.2
1,0.3333333333333333,26.2
0,0.4,26.2
2,0.25,26.2
1,0.25,26.2
1,0.0,26.2
1,0.0,26.2
1,0.25,26.2
2,0.5,26.2
1,0.5,26.2
1,0.25,32.43333333333334
1,0.0,32.43333333333334
0,0.0,32.43333333333334
0,0.25,32.43333333333334
2,0.0,32.43333333333334
1,0.0,32.43333333333334
1,0.3333333333333333,32.43333333333334
0,0.5,32.43333333333334
1,0.0,32.43333333333334
1,0.3333333333333333,32.43333333333334
1,0.0,32.43333333333334
1,0.0,32.43333333333334
1,0.0,32.43333333333334
1,0.0,31.325
0,0.3333333333333333,31.325
0,0.0,31.325
2,0.0,31.325
1,0.0,31.325
1,0.0,31.325
1,0.3333333333333333,31.325
1,0.0,31.325
2,0.0,31.325
1,0.0,31.325
1,0.0,31.325
1,0.5,30.880000000000003
1,0.25,30.880000000000003
1,0.0,30.880000000000003
0,0.0,30.880000000000003
2,0.25,30.880000000000003
1,0.3333333333333333,30.880000000000003
1,0.5,30.880000000000003
1,0.0,30.880000000000003
0,0.0,30.880000000000003
1,0.25,30.880000000000003
1,0.25,30.880000000000003
1,0.0,30.880000000000003
1,0.0,30.880000000000003
1,0.25,31.566666666666666
1,0.3333333333333333,31.566666666666666
0,0.0,31.566666666666666
2,0.25,31.566666666666666
1,0.0,31.566666666666666
1,0.0,31.566666666666666
0,0.0,31.566666666666666
1,0.5,31.566666666666666
1,0.3333333333333333,31.566666666666666
0,0.0,31.566666666666666
1,0.0,31.566666666666666
1,0.2,31.425
1,0.25,31.425
0,0.25,31.425
2,0.0,31.425
0,0.5,31.425
1,0.0,31.425
0,0.3333333333333333,31.425
1,0.6666666666666666,31.425
0,0.0,31.425
1,0.0,31.425
1,1.0,31.425
1,0.0,31.425
1,0.5,31.233333333333334
1,0.0,31.233333333333334
0,0.0,31.233333333333334
2,0.0,31.233333333333334
0,0.0,31.233333333333334
1,0.3333333333333333,31.233333333333334
1,0.3333333333333333,31.233333333333334
1,0.0,31.233333333333334
2,0.0,31.233333333333334
1,1.0,31.233333333333334
0,0.0,31.233333333333334
1,0.4,33.75
1,0.0,33.75
1,0.0,33.75
1,0.3333333333333333,33.75
0,0.5,33.75
2,0.4285714285714285,33.75
0,0.1666666666666666,33.75
1,0.3333333333333333,33.75
1,0.0,33.75
1,0.0,33.75
1,0.25,33.75
0,0.6,33.75
1,0.0,33.75
1,0.6666666666666666,33.75
1,0.2,35.375
1,0.25,35.375
0,0.5,35.375
2,0.25,35.375
0,0.3333333333333333,35.375
1,0.5,35.375
1,0.5,35.375
0,0.0,35.375
2,0.0,35.375
1,0.0,35.375
1,0.0,29.933333333333334
1,0.0,29.933333333333334
0,0.5,29.933333333333334
2,0.0,29.933333333333334
0,0.0,29.933333333333334
1,0.3333333333333333,29.933333333333334
1,0.0,29.933333333333334
1,0.3333333333333333,29.933333333333334
1,0.0,29.933333333333334
1,0.0,29.933333333333334
1,0.0,29.933333333333334
1,0.0,28.660000000000004
1,0.25,28.660000000000004
1,0.0,28.660000000000004
1,0.0,28.660000000000004
0,0.5,28.660000000000004
2,0.3333333333333333,28.660000000000004
1,0.2,28.660000000000004
1,0.0,28.660000000000004
0,0.0,28.660000000000004
1,0.0,28.660000000000004
1,0.0,28.660000000000004
1,1.0,28.660000000000004
0,0.0,28.660000000000004
1,0.0,28.660000000000004
0,0.0,28.660000000000004
1,0.4,27.375
0,0.25,27.375
0,0.75,27.375
2,0.3333333333333333,27.375
1,0.25,27.375
1,0.25,27.375
1,0.5,27.375
1,0.25,27.375
1,0.0,27.375
1,0.0,27.375
1,1.0,27.375
1,0.6666666666666666,28.133333333333336
1,0.0,28.133333333333336
0,0.25,28.133333333333336
2,0.0,28.133333333333336
0,0.6666666666666666,28.133333333333336
1,0.0,28.133333333333336
1,0.3333333333333333,28.133333333333336
1,0.0,28.133333333333336
0,0.5,28.133333333333336
1,1.0,28.133333333333336
1,0.3333333333333333,28.025
0,0.3333333333333333,28.025
0,0.8,28.025
2,0.75,28.025
1,0.0,28.025
1,0.5,28.025
1,0.0,28.025
0,0.25,28.025
1,0.5,28.025
1,0.0,28.025
1,0.0,28.025
1,0.0,28.85
1,1.0,28.85
0,0.6,28.85
0,0.25,28.85
2,0.0,28.85
1,0.5,28.85
1,0.25,28.85
1,0.25,28.85
1,0.25,28.85
2,0.0,28.85
1,0.0,28.85
1,0.0,28.85
0,0.0,28.85
1,0.0,29.325
0,0.25,29.325
0,0.3333333333333333,29.325
2,0.3333333333333333,29.325
1,0.3333333333333333,29.325
1,0.3333333333333333,29.325
1,0.5,29.325
1,0.0,29.325
1,0.0,29.325
1,1.0,29.325
1,0.0,28.46666666666667
0,0.3333333333333333,28.46666666666667
0,0.5,28.46666666666667
2,0.5,28.46666666666667
1,0.6666666666666666,28.46666666666667
1,0.0,28.46666666666667
1,0.0,28.46666666666667
0,0.0,28.46666666666667
1,0.6666666666666666,28.46666666666667
0,0.0,28.46666666666667
1,0.5,30.55
0,0.2,30.55
0,0.25,30.55
1,0.5,30.55
2,0.5,30.55
1,0.3333333333333333,30.55
1,0.25,30.55
1,0.25,30.55
2,0.5,30.55
1,0.0,30.55
1,0.0,30.05
0,0.3333333333333333,30.05
0,0.5,30.05
1,0.0,30.05
2,0.0,30.05
1,0.3333333333333333,30.05
1,0.25,30.05
1,0.0,30.05
2,0.0,30.05
1,0.75,28.925
0,0.0,28.925
0,0.0,28.925
1,0.25,28.925
2,0.6666666666666666,28.925
1,1.0,28.925
1,0.0,28.925
1,0.0,28.925
0,0.0,28.925
1,0.0,28.925
1,0.0,28.925
1,0.0,28.925
1,0.0,28.925
1,0.0,28.925
1,0.0,27.174999999999997
0,0.0,27.174999999999997
0,0.0,27.174999999999997
1,0.2,27.174999999999997
2,0.0,27.174999999999997
1,0.75,27.174999999999997
1,0.3333333333333333,27.174999999999997
1,0.3333333333333333,27.174999999999997
1,0.0,27.174999999999997
1,1.0,27.174999999999997
1,0.0,29.066666666666666
0,0.0,29.066666666666666
0,0.25,29.066666666666666
1,0.0,29.066666666666666
2,0.3333333333333333,29.066666666666666
1,0.0,29.066666666666666
0,0.0,29.066666666666666
1,0.0,29.066666666666666
1,0.0,29.066666666666666
1,0.0,29.066666666666666
1,0.0,29.066666666666666
1,0.3333333333333333,30.55
1,0.0,30.55
1,0.4,30.55
0,0.25,30.55
1,1.0,30.55
2,0.0,30.55
1,0.25,30.55
0,0.5,30.55
0,0.75,30.55
0,0.5,30.55
1,1.0,30.55
1,0.0,31.8
0,0.0,31.8
0,0.6666666666666666,31.8
1,0.3333333333333333,31.8
2,0.0,31.8
1,0.0,31.8
1,0.0,31.8
1,0.0,31.8
2,0.0,31.8
0,0.0,32.03333333333333
1,0.3333333333333333,32.03333333333333
0,0.25,32.03333333333333
1,0.0,32.03333333333333
2,0.0,32.03333333333333
1,0.0,32.03333333333333
1,0.0,32.03333333333333
1,0.0,32.03333333333333
1,0.0,32.03333333333333
2,0.0,32.03333333333333
1,0.0,32.03333333333333
1,0.5,30.4
1,0.0,30.4
0,0.0,30.4
1,0.0,30.4
2,0.5,30.4
1,0.25,30.4
1,0.0,30.4
0,0.3333333333333333,30.4
0,0.3333333333333333,30.4
1,0.0,30.4
1,0.2,28.160000000000004
0,0.1666666666666666,28.160000000000004
0,0.25,28.160000000000004
1,1.0,28.160000000000004
1,0.3333333333333333,28.160000000000004
2,0.25,28.160000000000004
1,0.25,28.160000000000004
1,0.0,28.160000000000004
1,0.2,28.160000000000004
1,0.0,28.160000000000004
1,0.0,28.160000000000004
1,1.0,28.160000000000004
1,0.3333333333333333,28.3
1,0.3333333333333333,28.3
0,0.0,28.3
1,0.25,28.3
2,0.0,28.3
1,0.3333333333333333,28.3
0,0.0,28.3
1,0.3333333333333333,28.3
1,0.0,28.3
1,0.0,28.3
0,0.0,28.3
1,0.0,27.975
1,0.0,27.975
1,0.0,27.975
1,0.75,27.975
0,0.5,27.975
1,0.0,27.975
2,0.25,27.975
1,0.25,27.975
0,0.25,27.975
1,0.25,27.975
0,0.0,27.975
1,0.3333333333333333,27.975
1,0.6,27.85
1,0.6,27.85
0,0.6,27.85
1,0.3333333333333333,27.85
1,0.0,27.85
1,0.0,27.85
1,0.0,27.85
0,0.0,27.85
0,0.3333333333333333,27.85
1,0.0,27.85
1,0.0,27.85
0,0.5,27.85
1,0.25,27.03333333333333
1,0.25,27.03333333333333
0,0.25,27.03333333333333
1,0.5,27.03333333333333
1,0.5,27.03333333333333
1,0.0,27.03333333333333
1,0.3333333333333333,27.03333333333333
0,0.0,27.03333333333333
2,0.0,27.03333333333333
1,0.0,27.03333333333333
1,0.0,28.3
1,0.5,28.3
1,0.5,28.3
0,0.0,28.3
1,0.0,28.3
1,0.3333333333333333,28.3
1,0.5,28.3
1,0.25,28.3
1,0.3333333333333333,28.3
2,0.0,28.3
1,0.0,28.3
0,0.0,28.3
0,0.0,28.3
1,0.5,32.13333333333333
1,0.3333333333333333,32.13333333333333
0,0.25,32.13333333333333
1,0.25,32.13333333333333
2,0.0,32.13333333333333
0,0.0,32.13333333333333
1,0.25,32.13333333333333
1,0.25,32.13333333333333
1,0.0,32.13333333333333
1,0.0,32.13333333333333
1,0.0,32.13333333333333
1,0.2,31.3
1,0.2,31.3
0,0.3333333333333333,31.3
1,0.5,31.3
2,0.75,31.3
1,0.2,31.3
0,0.0,31.3
1,0.0,31.3
1,0.3333333333333333,31.3
1,0.0,31.3
1,1.0,31.3
1,0.25,30.8
1,0.6,30.8
0,0.6,30.8
1,0.25,30.8
2,0.3333333333333333,30.8
1,0.2,30.8
1,0.4,30.8
0,0.4,30.8
0,0.5,30.8
1,0.0,30.8
1,0.0,29.275
1,0.5,29.275
0,0.25,29.275
1,0.0,29.275
2,0.0,29.275
0,0.0,29.275
1,0.3333333333333333,29.275
1,0.0,29.275
1,0.5,29.275
1,0.0,29.275
0,0.0,29.275
2,0.0,29.275
1,0.0,29.275
1,0.25,30.05
1,0.0,30.05
1,0.25,30.05
0,0.25,30.05
1,0.5,30.05
2,0.0,30.05
1,0.5,30.05
1,0.5,30.05
1,0.6666666666666666,30.05
2,0.0,30.05
1,0.0,30.05
1,0.0,30.65
1,0.0,30.65
0,0.25,30.65
1,0.0,30.65
2,0.5,30.65
1,0.0,30.65
1,0.25,30.65
0,0.6666666666666666,30.65
1,0.0,30.65
0,0.0,30.65
1,0.0,30.65
1,0.3333333333333333,30.2
1,0.0,30.2
1,0.0,30.2
0,0.25,30.2
1,0.5,30.2
2,0.0,30.2
1,0.25,30.2
1,0.0,30.2
1,0.3333333333333333,30.2
1,0.0,30.2
1,0.0,30.2
1,0.0,30.2
1,0.2,29.54
1,0.5,29.54
1,1.0,29.54
1,0.0,29.54
0,0.0,29.54
0,0.0,29.54
1,0.2,29.54
2,0.0,29.54
1,0.4,29.54
1,0.5,29.54
0,0.0,29.54
1,0.3333333333333333,29.54
1,1.0,29.54
0,0.0,29.54
1,0.5,29.54
1,0.0,29.54
1,0.0,29.54
1,0.0,31.925
1,0.25,31.925
0,0.0,31.925
1,0.5,31.925
2,0.0,31.925
1,0.0,31.925
0,0.3333333333333333,31.925
1,0.0,31.925
1,0.0,31.925
0,1.0,31.925
1,0.0,31.925
1,0.0,29.766666666666666
0,0.0,29.766666666666666
0,0.0,29.766666666666666
1,0.0,29.766666666666666
2,0.25,29.766666666666666
1,0.5,29.766666666666666
1,0.0,29.766666666666666
1,0.25,29.766666666666666
0,0.0,29.766666666666666
1,0.0,29.766666666666666
1,0.0,30.233333333333334
1,0.0,30.233333333333334
0,0.0,30.233333333333334
1,0.25,30.233333333333334
2,0.0,30.233333333333334
1,0.3333333333333333,30.233333333333334
1,0.3333333333333333,30.233333333333334
1,0.0,30.233333333333334
2,0.0,30.233333333333334
1,0.0,30.233333333333334
1,0.3333333333333333,29.3
1,0.25,29.3
0,0.5,29.3
1,0.0,29.3
2,0.25,29.3
0,0.0,29.3
1,0.0,29.3
0,0.3333333333333333,29.3
1,0.0,29.3
1,1.0,29.3
1,0.0,28.53333333333333
1,0.25,28.53333333333333
0,0.0,28.53333333333333
1,0.5,28.53333333333333
2,0.0,28.53333333333333
1,0.0,28.53333333333333
0,0.3333333333333333,28.53333333333333
1,0.0,28.53333333333333
1,0.0,28.53333333333333
1,0.0,28.53333333333333
1,0.0,28.53333333333333
1,0.0,28.53333333333333
1,0.3333333333333333,31.733333333333334
1,0.0,31.733333333333334
0,0.0,31.733333333333334
0,0.0,31.733333333333334
1,0.75,31.733333333333334
2,0.5,31.733333333333334
1,0.3333333333333333,31.733333333333334
1,0.0,31.733333333333334
1,0.3333333333333333,31.733333333333334
1,0.3333333333333333,31.733333333333334
1,0.0,31.733333333333334
1,0.25,31.075
1,0.6,31.075
1,0.25,31.075
1,1.0,31.075
1,0.4,31.075
2,0.25,31.075
0,0.0,31.075
1,0.75,31.075
1,0.3333333333333333,31.075
1,0.25,31.075
1,1.0,31.075
1,1.0,31.075
1,0.0,31.075
1,0.2,30.675
1,0.6666666666666666,30.675
0,0.5,30.675
1,0.5,30.675
2,0.25,30.675
1,0.0,30.675
1,0.0,30.675
1,0.25,30.675
0,0.0,30.675
1,0.0,30.675
1,0.0,30.675
1,0.3333333333333333,29.25
1,0.0,29.25
0,0.25,29.25
1,0.3333333333333333,29.25
2,0.25,29.25
1,0.0,29.25
1,0.0,29.25
1,0.25,29.25
1,0.0,29.25
1,0.0,29.25
1,0.6,27.475
1,0.4,27.475
0,0.25,27.475
1,0.6,27.475
2,0.4,27.475
1,0.5,27.475
1,0.0,27.475
0,0.6,27.475
1,0.5,27.475
1,0.0,27.475
0,0.0,27.475
1,0.25,24.475
1,0.5,24.475
1,0.5,24.475
1,0.0,24.475
0,0.6,24.475
1,0.2,24.475
2,0.2,24.475
1,0.2,24.475
1,0.5,24.475
1,0.75,24.475
1,0.0,24.475
1,0.0,24.475
1,0.6,26.275
1,0.0,26.275
0,0.5,26.275
1,0.5,26.275
2,0.0,26.275
1,0.0,26.275
1,0.5,26.275
1,0.0,26.275
1,0.0,26.275
1,0.0,26.275
1,0.0,26.275
1,0.0,26.275
1,0.25,27.5
1,0.0,27.5
1,0.0,27.5
0,0.0,27.5
1,0.0,27.5
2,0.5,27.5
1,0.0,27.5
1,0.5,27.5
0,0.5,27.5
1,0.0,27.5
1,1.0,27.5
0,0.0,27.5
1,0.0,29.05
1,0.6666666666666666,29.05
0,0.0,29.05
1,0.0,29.05
2,0.25,29.05
1,0.3333333333333333,29.05
1,0.6666666666666666,29.05
1,0.6666666666666666,29.05
0,0.0,29.05
1,0.0,29.05
1,0.0,28.375
1,0.25,28.375
0,0.25,28.375
1,0.25,28.375
2,0.25,28.375
1,0.25,28.375
1,0.5,28.375
1,0.3333333333333333,28.375
2,0.0,28.375
0,0.0,28.375
1,0.0,28.375
1,0.5,24.725
1,0.0,24.725
1,0.0,24.725
1,0.0,24.725
2,0.3333333333333333,24.725
1,0.3333333333333333,24.725
1,0.0,24.725
0,0.25,24.725
1,0.0,24.725
1,0.0,24.725
1,0.5,25.0
1,0.0,25.0
1,0.3333333333333333,25.0
1,0.0,25.0
2,0.25,25.0
0,0.25,25.0
1,0.25,25.0
1,0.0,25.0
1,0.0,25.0
0,0.0,25.0
1,0.0,25.0
1,0.5,25.0
1,0.3333333333333333,26.65
1,0.0,26.65
1,0.0,26.65
1,0.25,26.65
2,0.25,26.65
0,0.25,26.65
1,0.25,26.65
1,0.75,26.65
1,0.0,26.65
1,0.0,26.65
1,0.0,26.65
1,0.3333333333333333,29.775
1,0.6,29.775
0,0.4,29.775
1,0.0,29.775
2,0.0,29.775
1,0.25,29.775
0,0.3333333333333333,29.775
1,0.25,29.775
2,0.0,29.775
1,0.0,29.375
1,0.25,29.375
0,0.25,29.375
1,0.0,29.375
2,0.0,29.375
1,0.3333333333333333,29.375
0,0.25,29.375
1,0.0,29.375
1,0.5,29.375
1,0.0,29.375
1,0.5,29.375
1,0.0,28.75
1,0.25,28.75
0,0.0,28.75
1,0.0,28.75
2,0.5,28.75
1,0.0,28.75
1,0.0,28.75
0,0.0,28.75
1,0.5,28.75
1,0.0,28.75
0,0.0,28.75
1,0.0,28.75
1,0.0,28.75
1,0.5,25.8
1,0.25,25.8
0,0.3333333333333333,25.8
1,0.0,25.8
2,0.3333333333333333,25.8
1,0.3333333333333333,25.8
0,0.25,25.8
1,0.25,25.8
1,0.0,25.8
1,0.0,25.8
1,0.0,25.8
1,0.25,25.825
1,0.5,25.825
0,0.5,25.825
1,0.0,25.825
1,0.0,25.825
2,0.25,25.825
1,0.3333333333333333,25.825
0,0.0,25.825
1,0.0,25.825
1,0.5,25.825
1,0.0,25.825
1,1.0,25.825
1,0.0,24.166666666666668
1,0.0,24.166666666666668
1,0.0,24.166666666666668
1,0.25,24.166666666666668
0,0.3333333333333333,24.166666666666668
2,0.0,24.166666666666668
1,0.5,24.166666666666668
0,0.0,24.166666666666668
1,0.0,24.166666666666668
0,0.5,24.166666666666668
1,0.3333333333333333,24.166666666666668
1,0.0,24.166666666666668
1,1.0,24.166666666666668
1,0.4,23.380000000000003
1,0.4,23.380000000000003
0,0.25,23.380000000000003
1,0.0,23.380000000000003
2,0.25,23.380000000000003
1,0.0,23.380000000000003
1,1.0,23.380000000000003
1,0.0,23.380000000000003
1,0.75,23.380000000000003
1,0.4,23.380000000000003
1,0.3333333333333333,23.380000000000003
1,0.0,21.833333333333332
1,0.25,21.833333333333332
0,0.5,21.833333333333332
1,0.0,21.833333333333332
2,0.25,21.833333333333332
1,0.3333333333333333,21.833333333333332
0,0.5,21.833333333333332
1,0.0,21.833333333333332
1,0.0,21.833333333333332
1,0.0,21.833333333333332
1,1.0,21.833333333333332
1,0.0,21.55
1,0.0,21.55
1,0.25,21.55
0,0.25,21.55
1,0.3333333333333333,21.55
2,0.5,21.55
1,0.25,21.55
1,0.3333333333333333,21.55
1,0.0,21.55
1,0.0,21.55
1,1.0,21.55
1,0.0,21.55
1,0.5,26.475
1,0.0,26.475
1,0.25,26.475
0,0.5,26.475
1,0.6,26.475
2,0.6,26.475
1,0.5,26.475
0,0.0,26.475
1,0.5,26.475
1,0.3333333333333333,26.475
2,0.5,26.475
1,0.0,26.475
1,0.0,24.2
1,1.0,24.2
1,0.0,24.2
0,0.0,24.2
1,0.6666666666666666,24.2
2,0.0,24.2
1,0.5,24.2
1,0.0,24.2
1,0.0,24.2
0,0.0,24.2
1,1.0,24.2
1,0.0,24.2
1,0.3333333333333333,25.325000000000003
1,0.0,25.325000000000003
0,0.5,25.325000000000003
1,0.3333333333333333,25.325000000000003
1,0.0,25.325000000000003
0,0.0,25.325000000000003
0,0.5,25.325000000000003
1,0.2,25.325000000000003
2,0.25,25.325000000000003
1,0.0,25.325000000000003
0,0.2,25.325000000000003
1,0.0,25.325000000000003
1,0.0,25.325000000000003
0,0.2,25.325000000000003
1,0.0,25.325000000000003
1,0.75,25.325000000000003
1,0.3333333333333333,23.65
1,1.0,23.65
1,0.2,23.65
1,0.25,23.65
1,0.5,23.65
1,1.0,23.65
2,0.0,23.65
0,0.3333333333333333,23.65
1,0.0,23.65
0,0.0,23.65
1,0.0,23.65
1,0.0,23.65
0,0.0,23.65
1,0.4,19.9
0,0.0,19.9
1,0.2,19.9
1,1.0,19.9
0,0.0,19.9
2,0.3333333333333333,19.9
1,0.0,19.9
0,1.0,19.9
1,0.0,19.9
1,0.0,19.9
1,0.25,19.9
1,0.0,19.9
1,1.0,19.9
1,0.6,19.825
1,0.0,19.825
0,0.0,19.825
1,0.0,19.825
1,0.0,19.825
2,0.6666666666666666,19.825
1,0.6666666666666666,19.825
1,0.25,19.825
1,0.0,19.825
1,0.0,19.825
1,0.0,19.825
1,0.0,22.675
1,0.25,22.675
0,0.0,22.675
1,0.25,22.675
2,0.5,22.675
1,0.0,22.675
1,0.3333333333333333,22.675
0,0.5,22.675
1,0.0,22.675
1,0.0,22.675
1,0.0,22.675
