matchID,名前,打数,安打,打率,打点
2025328,周東,5,2,0.4,0
2025328,近藤,4,0,0.0,0
2025328,柳田,4,1,0.25,0
2025328,山川,4,1,0.25,1
2025328,正木,4,1,0.25,0
2025328,今宮,3,1,0.3333333333333333,1
2025328,川瀬,0,0,0,0
2025328,ダウンズ,3,0,0.0,0
2025328,渡邉,0,0,0,0
2025328,リチャード,4,0,0.0,0
2025328,谷川原,1,0,0.0,0
2025328,牧原大,1,1,1.0,0
2025329,周東,5,1,0.2,0
2025329,近藤,4,3,0.75,1
2025329,柳田,4,1,0.25,3
2025329,山川,4,0,0.0,0
2025329,正木,4,1,0.25,0
2025329,今宮,4,1,0.25,0
2025329,ダウンズ,3,0,0.0,0
2025329,リチャード,4,0,0.0,0
2025329,海野,3,2,0.6666666666666666,0
2025329,中村,1,0,0.0,0
2025330,周東,5,2,0.4,0
2025330,近藤,4,1,0.25,0
2025330,渡邉,0,0,0,0
2025330,柳田,5,2,0.4,0
2025330,山川,5,0,0.0,0
2025330,正木,3,2,0.6666666666666666,3
2025330,今宮,3,0,0.0,0
2025330,牧原大,4,1,0.25,1
2025330,リチャード,4,1,0.25,0
2025330,谷川原,0,0,0,0
2025330,海野,3,0,0.0,0
2025330,ダウンズ,1,0,0.0,0
202541,周東,4,1,0.25,1
202541,中村,5,2,0.4,1
202541,柳田,4,2,0.5,2
202541,川村,0,0,0,0
202541,山川,4,1,0.25,0
202541,正木,4,1,0.25,0
202541,緒方,0,0,0,0
202541,今宮,4,1,0.25,1
202541,牧原大,4,0,0.0,0
202541,リチャード,4,1,0.25,0
202541,海野,4,1,0.25,0
202542,周東,5,2,0.4,0
202542,中村,2,1,0.5,0
202542,野村,0,0,0,0
202542,柳田,4,0,0.0,0
202542,山川,4,0,0.0,0
202542,正木,3,1,0.3333333333333333,0
202542,今宮,3,1,0.3333333333333333,1
202542,ダウンズ,4,2,0.5,0
202542,リチャード,4,0,0.0,0
202542,谷川原,2,0,0.0,0
202542,牧原大,1,0,0.0,0
202544,周東,5,1,0.2,0
202544,川瀬,3,1,0.3333333333333333,0
202544,ダウンズ,1,0,0.0,0
202544,柳田,3,1,0.3333333333333333,0
202544,山川,4,0,0.0,0
202544,正木,2,0,0.0,0
202544,中村,4,2,0.5,0
202544,緒方,0,0,0,0
202544,牧原大,4,1,0.25,0
202544,リチャード,2,0,0.0,0
202544,今宮,2,1,0.5,0
202544,谷川原,2,0,0.0,0
202544,渡邉,1,0,0.0,0
202544,柳町,1,0,0.0,0
202545,周東,4,2,0.5,2
202545,川村,0,0,0,0
202545,ダウンズ,4,0,0.0,0
202545,柳田,4,1,0.25,0
202545,山川,4,0,0.0,0
202545,正木,4,1,0.25,1
202545,今宮,4,2,0.5,0
202545,柳町,4,1,0.25,0
202545,海野,2,0,0.0,0
202545,廣瀨隆,2,0,0.0,0
202546,周東,4,1,0.25,0
202546,川村,0,0,0,0
202546,中村,2,0,0.0,0
202546,ダウンズ,1,0,0.0,0
202546,柳田,3,2,0.6666666666666666,1
202546,緒方,2,1,0.5,2
202546,山川,4,3,0.75,5
202546,川瀬,0,0,0,0
202546,正木,3,1,0.3333333333333333,2
202546,今宮,4,3,0.75,1
202546,野村,0,0,0,0
202546,廣瀨隆,4,0,0.0,0
202546,海野,4,0,0.0,0
202546,牧原大,4,1,0.25,0
202548,周東,4,1,0.25,1
202548,川瀬,4,2,0.5,0
202548,中村,4,0,0.0,0
202548,山川,3,2,0.6666666666666666,0
202548,緒方,0,0,0,0
202548,正木,4,1,0.25,1
202548,野村,0,0,0,0
202548,今宮,4,1,0.25,0
202548,柳町,3,1,0.3333333333333333,0
202548,佐藤直,0,0,0,0
202548,海野,3,1,0.3333333333333333,1
202548,牧原大,4,1,0.25,1
202549,周東,5,2,0.4,1
202549,佐藤直,4,1,0.25,0
202549,中村,4,2,0.5,0
202549,緒方,0,0,0,0
202549,山川,5,3,0.6,4
202549,正木,5,2,0.4,1
202549,今宮,4,0,0.0,0
202549,ダウンズ,5,3,0.6,1
202549,川瀬,0,0,0,0
202549,海野,3,0,0.0,0
202549,柳田,0,0,0,0
202549,渡邉,1,1,1.0,2
202549,廣瀨隆,2,1,0.5,1
202549,柳町,1,0,0.0,0
202549,野村,1,0,0.0,0
2025410,周東,4,1,0.25,0
2025410,廣瀨隆,4,2,0.5,0
2025410,野村,1,1,1.0,0
2025410,柳田,1,0,0.0,0
2025410,川瀬,0,0,0,0
2025410,中村,4,0,0.0,0
2025410,山川,5,1,0.2,0
2025410,ダウンズ,0,0,0,0
2025410,正木,5,0,0.0,0
2025410,緒方,0,0,0,0
2025410,今宮,4,1,0.25,0
2025410,柳町,2,0,0.0,0
2025410,佐藤直,2,0,0.0,0
2025410,渡邉,5,2,0.4,0
2025410,牧原大,4,0,0.0,1
2025411,周東,5,1,0.2,0
2025411,川瀬,3,0,0.0,0
2025411,今宮,2,1,0.5,1
2025411,柳田,3,0,0.0,0
2025411,中村,2,0,0.0,0
2025411,山川,4,3,0.75,2
2025411,正木,3,1,0.3333333333333333,0
2025411,柳町,3,0,0.0,0
2025411,佐藤直,1,0,0.0,0
2025411,廣瀨隆,3,0,0.0,1
2025411,海野,2,0,0.0,0
2025411,ダウンズ,1,0,0.0,0
2025411,野村,1,1,1.0,1
2025411,牧原大,2,0,0.0,0
2025411,嶺井,2,1,0.5,0
2025412,周東,5,2,0.4,2
2025412,佐藤直,6,3,0.5,2
2025412,ダウンズ,3,1,0.3333333333333333,0
2025412,山川,4,1,0.25,0
2025412,山本,0,0,0,0
2025412,正木,3,0,0.0,0
2025412,緒方,2,1,0.5,0
2025412,今宮,5,0,0.0,0
2025412,川瀬,0,0,0,0
2025412,廣瀨隆,5,3,0.6,2
2025412,海野,5,1,0.2,0
2025412,牧原大,5,3,0.6,1
2025415,周東,5,1,0.2,0
2025415,佐藤直,4,1,0.25,0
2025415,中村,4,0,0.0,0
2025415,山川,3,0,0.0,0
2025415,正木,3,1,0.3333333333333333,0
2025415,緒方,1,0,0.0,0
2025415,今宮,3,0,0.0,0
2025415,廣瀨隆,2,1,0.5,1
2025415,野村,0,0,0,0
2025415,海野,3,0,0.0,0
2025415,柳町,1,0,0.0,0
2025415,嶺井,0,0,0,0
2025415,牧原大,3,0,0.0,0
2025415,ダウンズ,1,0,0.0,0
2025416,周東,5,1,0.2,0
2025416,山本,3,0,0.0,1
2025416,中村,4,2,0.5,0
2025416,山川,4,1,0.25,0
2025416,正木,3,1,0.3333333333333333,0
2025416,今宮,3,1,0.3333333333333333,0
2025416,廣瀨隆,4,0,0.0,0
2025416,海野,1,0,0.0,0
2025416,渡邉,2,0,0.0,0
2025416,川瀬,4,2,0.5,0
2025417,周東,4,1,0.25,0
2025417,今宮,3,1,0.3333333333333333,0
2025417,野村,0,0,0,0
2025417,栗原,5,2,0.4,0
2025417,山川,5,0,0.0,0
2025417,正木,4,1,0.25,0
2025417,牧原大,0,0,0,0
2025417,中村,4,3,0.75,3
2025417,緒方,0,0,0,0
2025417,廣瀨隆,3,1,0.3333333333333333,0
2025417,山本,3,0,0.0,0
2025417,佐藤直,1,0,0.0,0
2025417,渡邉,3,0,0.0,0
2025417,柳町,1,0,0.0,0
2025418,川瀬,3,0,0.0,0
2025418,佐藤直,3,0,0.0,0
2025418,栗原,4,0,0.0,0
2025418,山川,3,0,0.0,1
2025418,正木,1,0,0.0,0
2025418,柳町,1,0,0.0,0
2025418,緒方,0,0,0,0
2025418,中村,3,0,0.0,0
2025418,廣瀨隆,3,0,0.0,0
2025418,牧原大,3,0,0.0,0
2025418,海野,2,0,0.0,0
2025418,嶺井,1,0,0.0,0
2025419,緒方,4,1,0.25,0
2025419,今宮,4,0,0.0,0
2025419,栗原,4,0,0.0,0
2025419,山川,3,0,0.0,0
2025419,中村,3,0,0.0,0
2025419,廣瀨隆,3,1,0.3333333333333333,0
2025419,牧原大,3,1,0.3333333333333333,0
2025419,海野,2,1,0.5,0
2025419,石塚,1,0,0.0,0
2025419,渡邉,0,0,0,0
2025419,佐藤直,2,0,0.0,0
2025420,周東,4,2,0.5,1
2025420,今宮,5,2,0.4,0
2025420,栗原,4,3,0.75,1
2025420,山川,5,0,0.0,0
2025420,中村,4,1,0.25,0
2025420,廣瀨隆,4,2,0.5,0
2025420,牧原大,0,0,0,0
2025420,嶺井,3,0,0.0,0
2025420,海野,0,0,0,0
2025420,山本,3,0,0.0,0
2025420,緒方,1,0,0.0,0
2025420,佐藤直,4,2,0.5,1
2025422,周東,6,4,0.6666666666666666,2
2025422,今宮,7,2,0.2857142857142857,0
2025422,栗原,4,3,0.75,1
2025422,野村,0,0,0,0
2025422,牧原大,2,0,0.0,0
2025422,山川,2,0,0.0,0
2025422,川瀬,2,1,0.5,2
2025422,中村,4,0,0.0,0
2025422,廣瀨隆,6,1,0.16666666666666666,0
2025422,佐藤直,6,0,0.0,0
2025422,海野,2,1,0.5,0
2025422,嶺井,3,1,0.3333333333333333,0
2025422,緒方,2,0,0.0,0
2025422,石塚,2,1,0.5,0
2025422,柳町,0,0,0,0
2025423,周東,3,2,0.6666666666666666,2
2025423,牧原大,0,0,0,0
2025423,今宮,4,0,0.0,0
2025423,栗原,4,1,0.25,1
2025423,山川,3,1,0.3333333333333333,0
2025423,中村,4,2,0.5,0
2025423,野村,0,0,0,0
2025423,石塚,3,1,0.3333333333333333,0
2025423,緒方,1,0,0.0,0
2025423,柳町,4,3,0.75,2
2025423,廣瀨隆,4,1,0.25,0
2025423,海野,4,1,0.25,1
2025425,牧原大,3,1,0.3333333333333333,0
2025425,川瀬,1,0,0.0,0
2025425,今宮,2,0,0.0,0
2025425,栗原,3,0,0.0,0
2025425,山川,4,0,0.0,0
2025425,中村,4,1,0.25,0
2025425,石塚,3,1,0.3333333333333333,0
2025425,緒方,1,1,1.0,0
2025425,柳町,3,2,0.6666666666666666,0
2025425,廣瀨隆,3,0,0.0,0
2025425,佐藤直,0,0,0,0
2025425,海野,3,1,0.3333333333333333,0
2025425,嶺井,0,0,0,1
2025426,牧原大,5,3,0.6,1
2025426,川瀬,4,0,0.0,0
2025426,嶺井,1,1,1.0,2
2025426,野村,0,0,0,0
2025426,栗原,5,0,0.0,0
2025426,山川,4,0,0.0,0
2025426,中村,3,1,0.3333333333333333,0
2025426,石塚,4,0,0.0,0
2025426,柳町,2,1,0.5,0
2025426,廣瀨隆,2,0,0.0,0
2025426,緒方,2,1,0.5,0
2025426,海野,2,0,0.0,0
2025426,渡邉,1,1,1.0,0
2025427,牧原大,5,0,0.0,0
2025427,川瀬,5,1,0.2,0
2025427,栗原,5,2,0.4,0
2025427,山川,3,2,0.6666666666666666,0
2025427,野村,0,0,0,0
2025427,中村,5,1,0.2,0
2025427,柳町,5,3,0.6,2
2025427,石塚,2,0,0.0,0
2025427,嶺井,3,1,0.3333333333333333,0
2025427,渡邉,2,0,0.0,0
2025427,緒方,2,0,0.0,0
2025427,廣瀨隆,5,1,0.2,0
2025427,津森,0,0,0,0
2025429,川瀬,3,0,0.0,0
2025429,緒方,4,0,0.0,0
2025429,栗原,4,1,0.25,0
2025429,山川,4,1,0.25,1
2025429,野村,0,0,0,0
2025429,中村,4,2,0.5,0
2025429,今宮,4,1,0.25,0
2025429,佐藤直,0,0,0,0
2025429,柳町,4,0,0.0,0
2025429,海野,3,0,0.0,0
2025429,嶺井,1,0,0.0,0
2025429,牧原大,4,1,0.25,0
2025430,笹川,4,0,0.0,0
2025430,今宮,2,0,0.0,0
2025430,川瀬,0,0,0,0
2025430,栗原,4,1,0.25,0
2025430,山川,3,0,0.0,0
2025430,石塚,1,0,0.0,0
2025430,中村,3,0,0.0,0
2025430,嶺井,4,0,0.0,0
2025430,柳町,4,2,0.5,0
2025430,廣瀨隆,3,0,0.0,0
2025430,佐藤直,2,1,0.5,0
202551,野村,4,2,0.5,0
202551,笹川,4,1,0.25,0
202551,栗原,3,1,0.3333333333333333,1
202551,山川,4,0,0.0,0
202551,中村,4,1,0.25,1
202551,柳町,3,1,0.3333333333333333,0
202551,緒方,0,0,0,0
202551,廣瀨隆,2,0,0.0,0
202551,牧原大,2,0,0.0,0
202551,嶺井,3,2,0.6666666666666666,0
202551,佐藤直,2,0,0.0,0
202552,野村,4,1,0.25,0
202552,緒方,3,0,0.0,0
202552,嶺井,1,0,0.0,0
202552,栗原,3,0,0.0,0
202552,山川,4,0,0.0,0
202552,中村,4,2,0.5,0
202552,柳町,4,3,0.75,1
202552,佐藤直,0,0,0,0
202552,牧原大,3,2,0.6666666666666666,1
202552,海野,2,0,0.0,0
202552,石塚,0,0,0,0
202552,笹川,3,0,0.0,0
202552,川瀬,1,1,1.0,2
202553,野村,4,0,0.0,0
202553,柳町,4,0,0.0,0
202553,佐藤直,0,0,0,0
202553,栗原,4,0,0.0,0
202553,山川,4,2,0.5,1
202553,中村,3,1,0.3333333333333333,0
202553,川瀬,0,0,0,0
202553,石塚,3,1,0.3333333333333333,2
202553,緒方,0,0,0,0
202553,牧原大,3,3,1.0,1
202553,嶺井,2,0,0.0,0
202553,笹川,2,0,0.0,1
202554,佐藤直,5,1,0.2,0
202554,野村,3,2,0.6666666666666666,1
202554,柳町,3,0,0.0,0
202554,山川,4,0,0.0,0
202554,中村,3,0,0.0,0
202554,石塚,3,0,0.0,0
202554,緒方,1,1,1.0,1
202554,牧原大,4,3,0.75,0
202554,嶺井,3,1,0.3333333333333333,2
202554,川瀬,0,0,0,0
202554,廣瀨隆,4,2,0.5,1
202554,海野,0,0,0,0
202555,野村,4,1,0.25,0
202555,佐藤直,5,0,0.0,0
202555,柳町,2,1,0.5,0
202555,緒方,0,0,0,0
202555,山川,4,2,0.5,2
202555,庄子,0,0,0,0
202555,中村,4,2,0.5,0
202555,牧原大,3,1,0.3333333333333333,0
202555,廣瀨隆,2,0,0.0,0
202555,海野,0,0,0,0
202555,渡邉,2,0,0.0,0
202555,川瀬,1,0,0.0,0
202555,笹川,4,0,0.0,0
202556,野村,5,4,0.8,0
202556,佐藤直,3,0,0.0,1
202556,柳町,5,3,0.6,5
202556,緒方,0,0,0,0
202556,山川,4,0,0.0,0
202556,中村,2,0,0.0,0
202556,川瀬,1,1,1.0,0
202556,牧原大,2,0,0.0,1
202556,庄子,1,0,0.0,0
202556,廣瀨隆,5,2,0.4,1
202556,海野,5,2,0.4,2
202556,笹川,4,2,0.5,0
202557,野村,2,0,0.0,0
202557,緒方,4,2,0.5,0
202557,栗原,4,2,0.5,1
202557,山川,3,0,0.0,0
202557,庄子,0,0,0,0
202557,中村,3,1,0.3333333333333333,0
202557,柳町,3,0,0.0,0
202557,牧原大,3,0,0.0,0
202557,嶺井,3,0,0.0,0
202557,笹川,3,1,0.3333333333333333,0
202559,野村,5,3,0.6,1
202559,川瀬,1,1,1.0,0
202559,緒方,5,1,0.2,2
202559,栗原,4,0,0.0,0
202559,山川,2,1,0.5,2
202559,中村,3,2,0.6666666666666666,1
202559,廣瀨隆,0,0,0,0
202559,柳町,4,2,0.5,2
202559,佐藤直,0,0,0,0
202559,牧原大,5,3,0.6,2
202559,庄子,0,0,0,0
202559,海野,3,0,0.0,0
202559,渡邉,1,0,0.0,0
202559,笹川,5,1,0.2,1
2025510,野村,5,1,0.2,0
2025510,緒方,3,0,0.0,0
2025510,笹川,1,0,0.0,0
2025510,栗原,3,0,0.0,0
2025510,山川,3,0,0.0,0
2025510,中村,3,1,0.3333333333333333,0
2025510,柳町,2,1,0.5,0
2025510,牧原大,4,1,0.25,0
2025510,嶺井,3,0,0.0,0
2025510,渡邉,1,1,1.0,1
2025510,廣瀨隆,3,1,0.3333333333333333,0
2025510,庄子,0,0,0,0
2025510,川瀬,1,0,0.0,0
2025511,野村,4,0,0.0,0
2025511,佐藤直,4,2,0.5,0
2025511,栗原,4,0,0.0,0
2025511,山川,5,1,0.2,0
2025511,中村,5,2,0.4,0
2025511,川瀬,0,0,0,0
2025511,柳町,3,1,0.3333333333333333,0
2025511,緒方,0,0,0,0
2025511,牧原大,4,2,0.5,0
2025511,嶺井,4,3,0.75,7
2025511,笹川,4,0,0.0,0
2025513,野村,3,1,0.3333333333333333,2
2025513,佐藤直,4,1,0.25,1
2025513,栗原,1,1,1.0,1
2025513,山川,4,2,0.5,1
2025513,庄子,0,0,0,0
2025513,中村,3,0,0.0,0
2025513,柳町,4,1,0.25,1
2025513,笹川,0,0,0,0
2025513,牧原大,4,2,0.5,0
2025513,海野,3,0,0.0,0
2025513,緒方,4,2,0.5,0
2025514,野村,3,1,0.3333333333333333,0
2025514,佐藤直,3,1,0.3333333333333333,0
2025514,廣瀨隆,1,0,0.0,0
2025514,栗原,3,0,0.0,0
2025514,山川,4,0,0.0,0
2025514,中村,2,0,0.0,0
2025514,緒方,0,0,0,0
2025514,柳町,3,0,0.0,0
2025514,石塚,3,1,0.3333333333333333,0
2025514,笹川,0,0,0,0
2025514,嶺井,4,1,0.25,0
2025514,牧原大,2,0,0.0,1
2025515,野村,3,0,0.0,0
2025515,川瀬,0,0,0,0
2025515,緒方,4,0,0.0,0
2025515,栗原,3,1,0.3333333333333333,0
2025515,中村,4,2,0.5,0
2025515,柳町,3,1,0.3333333333333333,1
2025515,秋広,3,1,0.3333333333333333,0
2025515,佐藤直,1,1,1.0,0
2025515,山川,3,2,0.6666666666666666,2
2025515,庄子,0,0,0,0
2025515,渡邉,4,1,0.25,2
2025515,牧原大,4,0,0.0,0
2025516,野村,5,1,0.2,0
2025516,佐藤直,3,1,0.3333333333333333,0
2025516,栗原,3,0,0.0,0
2025516,中村,4,2,0.5,1
2025516,柳町,4,1,0.25,0
2025516,秋広,3,1,0.3333333333333333,0
2025516,山川,4,1,0.25,0
2025516,海野,2,1,0.5,0
2025516,渡邉,2,0,0.0,0
2025516,牧原大,4,0,0.0,0
2025517,野村,4,0,0.0,0
2025517,佐藤直,3,1,0.3333333333333333,0
2025517,栗原,3,0,0.0,1
2025517,中村,3,1,0.3333333333333333,1
2025517,柳町,2,1,0.5,0
2025517,海野,0,0,0,0
2025517,秋広,3,0,0.0,0
2025517,緒方,1,0,0.0,0
2025517,山川,2,0,0.0,0
2025517,嶺井,2,0,0.0,0
2025517,川瀬,0,0,0,0
2025517,牧原大,3,0,0.0,0
2025518,佐藤直,5,0,0.0,0
2025518,川瀬,5,0,0.0,0
2025518,栗原,4,0,0.0,0
2025518,中村,4,1,0.25,0
2025518,柳町,4,0,0.0,0
2025518,笹川,0,0,0,0
2025518,秋広,3,1,0.3333333333333333,0
2025518,緒方,1,0,0.0,0
2025518,山川,1,0,0.0,1
2025518,庄子,1,0,0.0,0
2025518,野村,0,0,0,0
2025518,嶺井,3,1,0.3333333333333333,0
2025518,海野,1,0,0.0,0
2025518,石塚,0,0,0,0
2025518,渡邉,0,0,0,0
2025518,牧原大,4,1,0.25,1
2025520,周東,4,0,0.0,0
2025520,川瀬,4,1,0.25,1
2025520,栗原,4,1,0.25,0
2025520,中村,4,0,0.0,0
2025520,柳町,4,1,0.25,0
2025520,佐藤直,0,0,0,0
2025520,秋広,2,1,0.5,0
2025520,緒方,0,0,0,0
2025520,山川,4,1,0.25,0
2025520,庄子,0,0,0,0
2025520,海野,2,1,0.5,1
2025520,牧原大,4,1,0.25,2
2025521,周東,4,0,0.0,0
2025521,野村,3,0,0.0,0
2025521,川瀬,1,0,0.0,0
2025521,栗原,3,0,0.0,0
2025521,中村,4,3,0.75,0
2025521,柳町,4,1,0.25,0
2025521,秋広,3,0,0.0,0
2025521,佐藤直,0,0,0,0
2025521,山川,2,0,0.0,1
2025521,嶺井,3,0,0.0,0
2025521,牧原大,3,0,0.0,0
2025522,野村,4,2,0.5,1
2025522,周東,5,2,0.4,1
2025522,栗原,4,0,0.0,0
2025522,中村,5,0,0.0,1
2025522,柳町,4,1,0.25,1
2025522,佐藤直,0,0,0,0
2025522,秋広,3,1,0.3333333333333333,0
2025522,緒方,2,0,0.0,0
2025522,山川,5,1,0.2,0
2025522,渡邉,3,0,0.0,0
2025522,海野,0,0,0,0
2025522,牧原大,4,1,0.25,0
2025525,周東,3,1,0.3333333333333333,0
2025525,笹川,1,0,0.0,0
2025525,野村,2,0,0.0,1
2025525,庄子,1,0,0.0,0
2025525,柳町,4,2,0.5,1
2025525,中村,5,1,0.2,2
2025525,栗原,4,1,0.25,0
2025525,秋広,3,1,0.3333333333333333,0
2025525,山川,4,2,0.5,1
2025525,嶺井,2,0,0.0,0
2025525,渡邉,2,0,0.0,0
2025525,川瀬,3,1,0.3333333333333333,0
2025527,周東,4,2,0.5,1
2025527,川瀬,3,2,0.6666666666666666,0
2025527,近藤,4,2,0.5,0
2025527,中村,4,0,0.0,0
2025527,柳町,3,0,0.0,0
2025527,緒方,0,0,0,0
2025527,栗原,4,0,0.0,0
2025527,山川,4,1,0.25,1
2025527,牧原大,3,0,0.0,0
2025527,秋広,1,0,0.0,0
2025527,海野,3,0,0.0,0
2025527,嶺井,1,0,0.0,0
2025528,周東,5,2,0.4,1
2025528,野村,4,1,0.25,1
2025528,近藤,4,0,0.0,0
2025528,中村,4,2,0.5,0
2025528,柳町,3,2,0.6666666666666666,0
2025528,栗原,4,0,0.0,0
2025528,山川,4,1,0.25,0
2025528,海野,4,2,0.5,0
2025528,緒方,0,0,0,0
2025528,川瀬,2,1,0.5,0
2025530,周東,4,2,0.5,0
2025530,野村,5,0,0.0,0
2025530,近藤,3,2,0.6666666666666666,0
2025530,緒方,1,0,0.0,0
2025530,中村,5,1,0.2,0
2025530,柳町,4,0,0.0,1
2025530,佐藤直,1,0,0.0,0
2025530,栗原,3,2,0.6666666666666666,0
2025530,山川,3,1,0.3333333333333333,0
2025530,イヒネ,0,0,0,0
2025530,嶺井,4,1,0.25,0
2025530,海野,0,0,0,0
2025530,川瀬,3,1,0.3333333333333333,2
202561,周東,4,0,0.0,0
202561,柳町,4,2,0.5,0
202561,緒方,0,0,0,0
202561,中村,4,0,0.0,0
202561,近藤,4,2,0.5,0
202561,佐藤直,0,0,0,0
202561,栗原,3,1,0.3333333333333333,0
202561,今宮,4,0,0.0,0
202561,山川,3,1,0.3333333333333333,0
202561,川瀬,0,0,0,0
202561,渡邉,3,1,0.3333333333333333,0
202561,嶺井,1,0,0.0,0
202561,牧原大,2,0,0.0,0
202561,野村,0,0,0,0
202563,周東,3,3,1.0,1
202563,佐藤直,0,0,0,0
202563,今宮,5,0,0.0,0
202563,柳町,4,2,0.5,1
202563,緒方,0,0,0,0
202563,近藤,3,1,0.3333333333333333,0
202563,中村,1,0,0.0,1
202563,栗原,3,0,0.0,0
202563,山川,1,0,0.0,1
202563,海野,3,0,0.0,0
202563,野村,4,2,0.5,0
202564,周東,3,2,0.6666666666666666,0
202564,佐藤直,1,1,1.0,2
202564,川瀬,3,0,0.0,0
202564,秋広,1,0,0.0,0
202564,今宮,0,0,0,0
202564,柳町,4,2,0.5,1
202564,近藤,4,0,0.0,0
202564,緒方,0,0,0,0
202564,中村,3,1,0.3333333333333333,0
202564,栗原,2,1,0.5,3
202564,山川,4,1,0.25,0
202564,渡邉,2,0,0.0,0
202564,嶺井,1,0,0.0,0
202564,野村,4,3,0.75,2
202565,周東,3,1,0.3333333333333333,0
202565,川瀬,0,0,0,0
202565,今宮,4,1,0.25,2
202565,柳町,4,3,0.75,3
202565,近藤,4,0,0.0,0
202565,中村,3,1,0.3333333333333333,0
202565,緒方,0,0,0,0
202565,野村,4,1,0.25,3
202565,栗原,4,1,0.25,0
202565,嶺井,3,1,0.3333333333333333,0
202565,佐藤直,3,0,0.0,0
202566,野村,4,0,0.0,0
202566,佐藤直,5,2,0.4,0
202566,柳町,4,2,0.5,0
202566,オスナ,0,0,0,0
202566,周東,1,0,0.0,0
202566,近藤,5,2,0.4,1
202566,松本裕,0,0,0,0
202566,中村,4,1,0.25,0
202566,今宮,3,1,0.3333333333333333,0
202566,栗原,4,1,0.25,0
202566,海野,4,0,0.0,0
202566,モイネロ,3,1,0.3333333333333333,0
202566,山川,1,1,1.0,0
202566,緒方,0,0,0,0
202567,周東,5,2,0.4,2
202567,今宮,5,1,0.2,1
202567,柳町,5,4,0.8,2
202567,緒方,0,0,0,0
202567,近藤,5,2,0.4,0
202567,佐藤直,0,0,0,0
202567,栗原,4,0,0.0,0
202567,山川,2,1,0.5,0
202567,牧原大,1,0,0.0,0
202567,野村,2,0,0.0,0
202567,中村,2,1,0.5,2
202567,嶺井,4,2,0.5,0
202567,上沢,3,0,0.0,1
202568,周東,3,2,0.6666666666666666,0
202568,今宮,3,0,0.0,0
202568,中村,1,0,0.0,0
202568,川瀬,0,0,0,0
202568,柳町,3,1,0.3333333333333333,0
202568,近藤,4,0,0.0,0
202568,山川,4,0,0.0,0
202568,牧原大,4,2,0.5,0
202568,野村,4,1,0.25,2
202568,渡邉,3,1,0.3333333333333333,0
202568,栗原,1,0,0.0,0
202568,松本晴,2,0,0.0,0
202568,尾形,0,0,0,0
202568,秋広,1,0,0.0,0
202568,藤井,0,0,0,0
202568,杉山,0,0,0,0
2025610,周東,3,1,0.3333333333333333,0
2025610,今宮,5,4,0.8,1
2025610,柳町,3,2,0.6666666666666666,1
2025610,緒方,0,0,0,0
2025610,近藤,3,2,0.6666666666666666,3
2025610,佐藤直,0,0,0,0
2025610,中村,5,1,0.2,0
2025610,山川,5,0,0.0,0
2025610,野村,4,2,0.5,0
2025610,海野,1,0,0.0,0
2025610,牧原大,3,0,0.0,0
2025611,周東,3,1,0.3333333333333333,1
2025611,佐藤直,1,0,0.0,0
2025611,今宮,4,1,0.25,0
2025611,柳町,3,1,0.3333333333333333,0
2025611,近藤,4,1,0.25,0
2025611,中村,3,0,0.0,1
2025611,緒方,1,0,0.0,0
2025611,栗原,3,1,0.3333333333333333,0
2025611,野村,2,0,0.0,0
2025611,山川,1,0,0.0,1
2025611,川瀬,1,0,0.0,0
2025611,秋広,4,1,0.25,0
2025611,渡邉,3,1,0.3333333333333333,0
2025612,野村,5,0,0.0,0
2025612,今宮,5,1,0.2,0
2025612,柳町,5,1,0.2,0
2025612,近藤,4,1,0.25,0
2025612,緒方,0,0,0,0
2025612,中村,4,0,0.0,0
2025612,山川,5,1,0.2,0
2025612,栗原,3,1,0.3333333333333333,0
2025612,牧原大,1,1,1.0,0
2025612,秋広,0,0,0,0
2025612,川瀬,0,0,0,0
2025612,嶺井,3,0,0.0,0
2025612,佐藤直,2,0,0.0,0
2025612,周東,2,0,0.0,0
2025613,周東,4,1,0.25,0
2025613,川瀬,3,1,0.3333333333333333,1
2025613,柳町,3,1,0.3333333333333333,0
2025613,佐藤直,0,0,0,0
2025613,近藤,4,0,0.0,0
2025613,中村,4,1,0.25,0
2025613,秋広,3,2,0.6666666666666666,2
2025613,緒方,0,0,0,0
2025613,栗原,2,1,0.5,0
2025613,海野,2,0,0.0,0
2025613,牧原大,3,1,0.3333333333333333,1
2025614,周東,3,0,0.0,1
2025614,今宮,2,0,0.0,0
2025614,川瀬,2,2,1.0,2
2025614,柳町,4,0,0.0,0
2025614,近藤,4,0,0.0,0
2025614,栗原,3,1,0.3333333333333333,0
2025614,山川,4,0,0.0,0
2025614,野村,0,0,0,0
2025614,秋広,2,1,0.5,1
2025614,緒方,1,0,0.0,0
2025614,嶺井,2,0,0.0,0
2025614,牧原大,2,1,0.5,0
2025615,周東,4,0,0.0,0
2025615,野村,3,0,0.0,0
2025615,川瀬,1,0,0.0,0
2025615,柳町,2,1,0.5,0
2025615,近藤,3,2,0.6666666666666666,2
2025615,中村,4,1,0.25,0
2025615,佐藤直,0,0,0,0
2025615,秋広,4,1,0.25,1
2025615,栗原,2,1,0.5,1
2025615,渡邉,2,0,0.0,0
2025615,嶺井,2,0,0.0,0
2025615,牧原大,2,1,0.5,0
2025617,周東,3,0,0.0,0
2025617,野村,4,1,0.25,0
2025617,柳町,4,0,0.0,0
2025617,緒方,0,0,0,0
2025617,近藤,3,1,0.3333333333333333,2
2025617,佐藤直,1,0,0.0,0
2025617,中村,4,0,0.0,0
2025617,栗原,3,0,0.0,0
2025617,牧原大,2,0,0.0,0
2025617,海野,3,1,0.3333333333333333,0
2025617,有原,1,0,0.0,0
2025617,秋広,1,0,0.0,0
2025617,藤井,0,0,0,0
2025617,杉山,0,0,0,0
2025618,周東,5,1,0.2,1
2025618,伊藤,0,0,0,0
2025618,野村,4,1,0.25,0
2025618,柳町,5,2,0.4,0
2025618,中村,5,2,0.4,1
2025618,栗原,4,2,0.5,0
2025618,ダウンズ,3,1,0.3333333333333333,0
2025618,尾形,0,0,0,0
2025618,木村光,0,0,0,0
2025618,嶺井,1,0,0.0,0
2025618,秋広,4,0,0.0,0
2025618,渡邉,2,1,0.5,0
2025618,オスナ,0,0,0,0
2025618,佐藤直,1,0,0.0,0
2025618,前田純,2,1,0.5,2
2025618,大山,0,0,0,0
2025618,牧原大,2,2,1.0,0
2025619,周東,5,2,0.4,0
2025619,緒方,1,0,0.0,0
2025619,野村,6,2,0.3333333333333333,0
2025619,柳町,3,2,0.6666666666666666,0
2025619,津森,0,0,0,0
2025619,中村,4,1,0.25,0
2025619,川瀬,0,0,0,0
2025619,栗原,3,2,0.6666666666666666,6
2025619,嶺井,5,3,0.6,4
2025619,秋広,3,0,0.0,0
2025619,佐藤直,2,1,0.5,1
2025619,牧原大,5,2,0.4,2
2025619,大関,2,0,0.0,1
2025619,ダウンズ,1,0,0.0,0
2025619,大山,0,0,0,0
2025619,石塚,1,1,1.0,2
2025620,周東,4,0,0.0,0
2025620,佐藤直,5,1,0.2,0
2025620,柳町,4,1,0.25,0
2025620,津森,0,0,0,0
2025620,中村,3,0,0.0,0
2025620,栗原,4,0,0.0,1
2025620,野村,4,3,0.75,0
2025620,牧原大,3,1,0.3333333333333333,0
2025620,海野,3,0,0.0,0
2025620,嶺井,1,0,0.0,0
2025620,モイネロ,2,0,0.0,0
2025620,松本裕,0,0,0,0
2025620,ダウンズ,1,0,0.0,0
2025620,藤井,0,0,0,0
2025620,杉山,0,0,0,0
2025620,石塚,1,1,1.0,1
2025620,緒方,0,0,0,0
2025621,野村,4,0,0.0,0
2025621,佐藤直,4,1,0.25,0
2025621,柳町,4,1,0.25,0
2025621,中村,4,0,0.0,0
2025621,栗原,4,1,0.25,0
2025621,嶺井,4,1,0.25,0
2025621,牧原大,3,1,0.3333333333333333,0
2025621,秋広,2,0,0.0,0
2025621,川口,0,0,0,0
2025621,大江,0,0,0,0
2025621,石塚,1,0,0.0,0
2025621,伊藤,0,0,0,0
2025621,上沢,1,0,0.0,0
2025621,川瀬,2,0,0.0,0
2025622,周東,4,1,0.25,0
2025622,野村,3,1,0.3333333333333333,0
2025622,柳町,4,1,0.25,0
2025622,中村,4,1,0.25,1
2025622,栗原,3,0,0.0,0
2025622,石塚,3,0,0.0,0
2025622,緒方,1,0,0.0,0
2025622,ダウンズ,3,1,0.3333333333333333,2
2025622,松本裕,0,0,0,0
2025622,藤井,0,0,0,0
2025622,秋広,1,0,0.0,0
2025622,杉山,0,0,0,0
2025622,海野,3,0,0.0,0
2025622,松本晴,2,0,0.0,0
2025622,津森,0,0,0,0
2025622,大山,0,0,0,0
2025622,牧原大,1,0,0.0,0
2025627,周東,4,0,0.0,0
2025627,野村,3,0,0.0,0
2025627,近藤,1,1,1.0,1
2025627,川瀬,0,0,0,0
2025627,柳町,4,0,0.0,0
2025627,緒方,0,0,0,0
2025627,中村,4,1,0.25,0
2025627,栗原,3,0,0.0,0
2025627,山川,4,1,0.25,4
2025627,牧原大,4,2,0.5,0
2025627,海野,4,2,0.5,0
2025627,佐藤直,3,2,0.6666666666666666,1
2025628,周東,3,0,0.0,0
2025628,川瀬,3,1,0.3333333333333333,0
2025628,柳町,4,0,0.0,0
2025628,中村,4,1,0.25,0
2025628,栗原,4,1,0.25,0
2025628,山川,4,0,0.0,0
2025628,牧原大,4,1,0.25,0
2025628,嶺井,0,0,0,0
2025628,谷川原,0,0,0,0
2025628,佐藤直,3,0,0.0,0
2025629,周東,4,1,0.25,0
2025629,ダウンズ,4,2,0.5,0
2025629,佐藤直,0,0,0,0
2025629,柳町,3,0,0.0,0
2025629,緒方,0,0,0,0
2025629,中村,3,0,0.0,0
2025629,栗原,4,1,0.25,1
2025629,山川,3,1,0.3333333333333333,1
2025629,谷川原,3,0,0.0,0
2025629,海野,1,0,0.0,0
2025629,野村,3,1,0.3333333333333333,0
2025629,牧原大,3,0,0.0,0
202571,周東,4,1,0.25,0
202571,ダウンズ,2,0,0.0,0
202571,牧原大,1,0,0.0,0
202571,柳町,3,0,0.0,0
202571,中村,3,0,0.0,1
202571,栗原,2,1,0.5,0
202571,山川,3,1,0.3333333333333333,0
202571,谷川原,0,0,0,0
202571,野村,3,2,0.6666666666666666,0
202571,海野,1,1,1.0,0
202571,佐藤直,2,0,0.0,0
202571,近藤,1,0,0.0,0
202571,緒方,0,0,0,0
202572,周東,4,1,0.25,0
202572,野村,4,1,0.25,0
202572,柳町,2,0,0.0,0
202572,中村,4,1,0.25,0
202572,緒方,0,0,0,0
202572,山川,4,1,0.25,2
202572,ダウンズ,3,0,0.0,0
202572,秋広,3,0,0.0,0
202572,嶺井,3,2,0.6666666666666666,0
202572,川瀬,2,1,0.5,0
202573,周東,4,3,0.75,0
202573,野村,4,0,0.0,0
202573,柳町,4,0,0.0,0
202573,緒方,0,0,0,0
202573,中村,4,1,0.25,0
202573,山川,4,2,0.5,2
202573,山本,3,3,1.0,0
202573,佐藤直,0,0,0,0
202573,川瀬,1,0,0.0,0
202573,海野,3,1,0.3333333333333333,2
202573,牧原大,3,0,0.0,0
202574,周東,3,0,0.0,0
202574,野村,3,0,0.0,0
202574,近藤,1,0,0.0,0
202574,中村,4,2,0.5,0
202574,緒方,0,0,0,0
202574,山川,4,0,0.0,0
202574,石塚,4,1,0.25,0
202574,柳町,3,1,0.3333333333333333,0
202574,川瀬,3,0,0.0,0
202574,海野,2,0,0.0,0
202574,山本,1,0,0.0,0
202574,嶺井,0,0,0,0
202574,牧原大,3,1,0.3333333333333333,0
202575,佐藤直,3,2,0.6666666666666666,0
202575,川瀬,4,0,0.0,1
202575,中村,4,2,0.5,2
202575,山川,4,0,0.0,0
202575,柳町,3,2,0.6666666666666666,1
202575,山本,4,1,0.25,0
202575,緒方,0,0,0,0
202575,嶺井,4,0,0.0,0
202575,海野,0,0,0,0
202575,ダウンズ,3,2,0.6666666666666666,0
202575,野村,1,0,0.0,0
202575,牧原大,3,1,0.3333333333333333,0
202576,周東,3,1,0.3333333333333333,0
202576,佐藤直,4,0,0.0,0
202576,中村,3,0,0.0,0
202576,山川,4,0,0.0,0
202576,柳町,4,0,0.0,0
202576,緒方,0,0,0,0
202576,ダウンズ,3,1,0.3333333333333333,0
202576,川瀬,0,0,0,0
202576,谷川原,2,1,0.5,0
202576,海野,1,0,0.0,0
202576,野村,4,2,0.5,2
202576,牧原大,3,2,0.6666666666666666,1
202578,周東,4,0,0.0,0
202578,石塚,0,0,0,0
202578,野村,5,1,0.2,0
202578,柳町,3,2,0.6666666666666666,0
202578,近藤,4,2,0.5,5
202578,谷川原,0,0,0,0
202578,山川,4,0,0.0,0
202578,緒方,0,0,0,0
202578,山本,3,2,0.6666666666666666,0
202578,佐藤直,1,0,0.0,0
202578,ダウンズ,4,1,0.25,3
202578,庄子,1,0,0.0,0
202578,海野,5,1,0.2,1
202578,牧原大,3,1,0.3333333333333333,0
202579,周東,4,0,0.0,0
202579,野村,4,1,0.25,1
202579,柳町,4,1,0.25,0
202579,佐藤直,0,0,0,0
202579,近藤,4,1,0.25,0
202579,谷川原,0,0,0,0
202579,石塚,4,0,0.0,0
202579,山川,3,0,0.0,0
202579,緒方,1,0,0.0,0
202579,ダウンズ,2,0,0.0,0
202579,嶺井,3,1,0.3333333333333333,0
202579,海野,0,0,0,0
202579,牧原大,0,0,0,0
202579,川瀬,1,0,0.0,0
2025710,周東,3,0,0.0,0
2025710,ダウンズ,3,0,0.0,0
2025710,中村,4,1,0.25,0
2025710,近藤,3,0,0.0,0
2025710,柳町,3,1,0.3333333333333333,0
2025710,山本,3,0,0.0,0
2025710,野村,3,0,0.0,0
2025710,海野,2,0,0.0,0
2025710,嶺井,1,0,0.0,0
2025710,庄子,3,1,0.3333333333333333,0
2025711,野村,4,1,0.25,0
2025711,佐藤直,4,0,0.0,0
2025711,ダウンズ,4,0,0.0,0
2025711,近藤,4,1,0.25,0
2025711,柳町,3,0,0.0,0
2025711,山川,3,1,0.3333333333333333,0
2025711,石塚,2,1,0.5,0
2025711,山本,1,0,0.0,0
2025711,海野,2,1,0.5,0
2025711,谷川原,1,0,0.0,0
2025711,廣瀨隆,3,0,0.0,0
2025712,周東,4,1,0.25,0
2025712,川瀬,4,0,0.0,0
2025712,柳町,4,0,0.0,0
2025712,近藤,3,1,0.3333333333333333,0
2025712,山川,3,0,0.0,0
2025712,山本,3,0,0.0,0
2025712,ダウンズ,3,0,0.0,0
2025712,海野,2,1,0.5,0
2025712,谷川原,1,0,0.0,0
2025712,野村,2,0,0.0,0
2025712,緒方,1,1,1.0,0
2025713,柳町,4,1,0.25,0
2025713,周東,4,1,0.25,0
2025713,緒方,1,0,0.0,0
2025713,近藤,4,1,0.25,0
2025713,中村,4,0,0.0,1
2025713,山本,4,2,0.5,0
2025713,佐藤直,0,0,0,0
2025713,谷川原,4,2,0.5,0
2025713,山川,1,1,1.0,0
2025713,海野,0,0,0,0
2025713,川瀬,4,4,1.0,1
2025713,ダウンズ,4,3,0.75,2
2025713,野村,3,0,0.0,1
2025715,周東,5,3,0.6,2
2025715,佐藤直,0,0,0,0
2025715,柳町,5,0,0.0,0
2025715,緒方,0,0,0,0
2025715,近藤,3,2,0.6666666666666666,0
2025715,谷川原,0,0,0,0
2025715,中村,4,0,0.0,0
2025715,廣瀨隆,0,0,0,0
2025715,山本,2,1,0.5,3
2025715,野村,1,0,0.0,0
2025715,ダウンズ,5,3,0.6,2
2025715,川瀬,2,1,0.5,0
2025715,海野,4,2,0.5,1
2025715,牧原大,4,0,0.0,0
2025716,周東,4,1,0.25,0
2025716,廣瀨隆,3,0,0.0,0
2025716,牧原大,1,0,0.0,0
2025716,ダウンズ,3,0,0.0,0
2025716,近藤,4,1,0.25,0
2025716,山川,3,2,0.6666666666666666,1
2025716,石塚,4,1,0.25,0
2025716,緒方,0,0,0,0
2025716,嶺井,4,2,0.5,0
2025716,海野,0,0,0,0
2025716,野村,3,1,0.3333333333333333,2
2025716,佐藤直,4,1,0.25,2
2025717,周東,3,1,0.3333333333333333,0
2025717,野村,2,0,0.0,0
2025717,柳町,2,0,0.0,0
2025717,近藤,2,0,0.0,0
2025717,山川,2,0,0.0,0
2025717,山本,2,0,0.0,0
2025717,川瀬,2,1,0.5,1
2025717,海野,2,1,0.5,0
2025717,牧原大,2,1,0.5,1
2025719,周東,4,2,0.5,0
2025719,ダウンズ,3,1,0.3333333333333333,0
2025719,野村,1,0,0.0,0
2025719,中村,3,1,0.3333333333333333,1
2025719,近藤,4,2,0.5,2
2025719,廣瀨隆,0,0,0,0
2025719,山本,2,0,0.0,0
2025719,山川,1,0,0.0,0
2025719,佐藤直,1,0,0.0,0
2025719,柳町,3,0,0.0,0
2025719,緒方,0,0,0,0
2025719,川瀬,4,1,0.25,0
2025719,海野,3,0,0.0,0
2025719,牧原大,4,1,0.25,1
2025720,周東,5,2,0.4,2
2025720,佐藤直,4,1,0.25,0
2025720,ダウンズ,3,0,0.0,1
2025720,川瀬,1,0,0.0,0
2025720,近藤,4,1,0.25,1
2025720,山川,4,1,0.25,1
2025720,石塚,3,0,0.0,0
2025720,緒方,0,0,0,0
2025720,谷川原,4,1,0.25,1
2025720,海野,0,0,0,0
2025720,野村,4,2,0.5,1
2025720,牧原大,4,3,0.75,0
2025721,周東,5,2,0.4,1
2025721,佐藤直,5,0,0.0,0
2025721,ダウンズ,4,1,0.25,2
2025721,川瀬,1,0,0.0,0
2025721,近藤,3,1,0.3333333333333333,1
2025721,山川,4,1,0.25,0
2025721,緒方,0,0,0,0
2025721,柳町,4,1,0.25,0
2025721,廣瀨隆,0,0,0,0
2025721,野村,4,2,0.5,0
2025721,海野,3,1,0.3333333333333333,0
2025721,牧原大,4,1,0.25,0
2025726,周東,5,3,0.6,1
2025726,佐藤直,5,1,0.2,1
2025726,ダウンズ,3,0,0.0,0
2025726,川瀬,1,1,1.0,2
2025726,近藤,3,2,0.6666666666666666,0
2025726,谷川原,0,0,0,0
2025726,山川,3,2,0.6666666666666666,3
2025726,井上,0,0,0,0
2025726,柳町,4,2,0.5,1
2025726,緒方,1,0,0.0,0
2025726,野村,4,1,0.25,1
2025726,海野,4,1,0.25,0
2025726,牧原大,4,1,0.25,1
2025727,周東,4,0,0.0,0
2025727,緒方,0,0,0,0
2025727,佐藤直,4,0,0.0,0
2025727,井上,4,1,0.25,0
2025727,近藤,3,1,0.3333333333333333,0
2025727,山川,4,2,0.5,0
2025727,川瀬,0,0,0,0
2025727,柳町,3,2,0.6666666666666666,1
2025727,嶺井,4,1,0.25,0
2025727,海野,0,0,0,0
2025727,野村,1,0,0.0,0
2025727,牧原大,3,0,0.0,0
2025729,周東,4,1,0.25,1
2025729,ダウンズ,3,0,0.0,0
2025729,川瀬,0,0,0,0
2025729,柳町,4,1,0.25,0
2025729,近藤,4,2,0.5,0
2025729,谷川原,0,0,0,0
2025729,山川,4,1,0.25,3
2025729,山本,3,1,0.3333333333333333,0
2025729,佐藤直,1,0,0.0,0
2025729,野村,2,0,0.0,0
2025729,海野,4,0,0.0,0
2025729,牧原大,4,1,0.25,1
2025730,周東,4,2,0.5,2
2025730,ダウンズ,4,1,0.25,0
2025730,川瀬,0,0,0,0
2025730,柳町,4,0,0.0,0
2025730,近藤,4,1,0.25,1
2025730,山川,4,0,0.0,0
2025730,山本,3,1,0.3333333333333333,0
2025730,佐藤直,0,0,0,0
2025730,中村,1,0,0.0,0
2025730,野村,4,0,0.0,0
2025730,海野,3,1,0.3333333333333333,0
2025730,嶺井,1,0,0.0,0
2025730,牧原大,3,2,0.6666666666666666,0
2025731,ダウンズ,4,2,0.5,1
2025731,柳町,5,1,0.2,0
2025731,緒方,0,0,0,0
2025731,近藤,3,1,0.3333333333333333,1
2025731,山川,4,1,0.25,1
2025731,山本,3,0,0.0,0
2025731,佐藤直,0,0,0,0
2025731,牧原大,4,1,0.25,1
2025731,川瀬,4,0,0.0,0
2025731,谷川原,3,1,0.3333333333333333,1
2025731,海野,1,0,0.0,0
2025731,野村,4,1,0.25,0
202581,緒方,4,0,0.0,0
202581,柳町,1,1,1.0,0
202581,近藤,2,2,1.0,2
202581,山川,3,1,0.3333333333333333,0
202581,山本,3,0,0.0,1
202581,佐藤直,0,0,0,0
202581,牧原大,4,0,0.0,0
202581,川瀬,4,1,0.25,0
202581,海野,4,0,0.0,0
202581,庄子,3,1,0.3333333333333333,0
202581,野村,0,0,0,0
202582,周東,5,2,0.4,1
202582,柳町,5,0,0.0,0
202582,緒方,0,0,0,0
202582,近藤,0,0,0,0
202582,谷川原,0,0,0,0
202582,山川,4,1,0.25,0
202582,山本,3,1,0.3333333333333333,1
202582,川瀬,0,0,0,0
202582,ダウンズ,3,1,0.3333333333333333,2
202582,佐藤直,0,0,0,0
202582,野村,4,1,0.25,0
202582,海野,4,2,0.5,0
202582,牧原大,4,2,0.5,1
202583,周東,5,1,0.2,1
202583,緒方,0,0,0,0
202583,柳町,5,4,0.8,3
202583,近藤,5,3,0.6,2
202583,谷川原,0,0,0,0
202583,山川,4,2,0.5,0
202583,ダウンズ,4,0,0.0,0
202583,川瀬,1,0,0.0,0
202583,嶺井,3,0,0.0,0
202583,野村,4,1,0.25,0
202583,井上,3,1,0.3333333333333333,0
202583,佐藤直,1,1,1.0,0
202583,牧原大,4,2,0.5,2
202585,周東,4,0,0.0,0
202585,庄子,0,0,0,0
202585,川瀬,1,0,0.0,0
202585,柳町,4,0,0.0,0
202585,近藤,5,2,0.4,3
202585,山川,3,0,0.0,0
202585,山本,4,0,0.0,0
202585,ダウンズ,4,3,0.75,0
202585,谷川原,1,0,0.0,0
202585,嶺井,1,1,1.0,0
202585,野村,2,0,0.0,0
202585,中村,1,0,0.0,0
202585,川村,1,0,0.0,0
202585,牧原大,4,3,0.75,0
202586,周東,5,2,0.4,0
202586,佐藤直,0,0,0,0
202586,ダウンズ,3,1,0.3333333333333333,0
202586,庄子,0,0,0,0
202586,近藤,3,1,0.3333333333333333,2
202586,谷川原,0,0,0,0
202586,山川,4,2,0.5,1
202586,川瀬,0,0,0,0
202586,牧原大,5,3,0.6,5
202586,柳町,5,2,0.4,0
202586,山本,5,2,0.4,0
202586,川村,0,0,0,0
202586,海野,4,1,0.25,0
202586,野村,5,3,0.6,4
202587,ダウンズ,4,0,0.0,0
202587,海野,0,0,0,0
202587,野村,5,2,0.4,0
202587,近藤,3,2,0.6666666666666666,0
202587,庄子,0,0,0,0
202587,山川,5,0,0.0,0
202587,嶺井,3,0,0.0,0
202587,川瀬,0,0,0,0
202587,柳町,2,0,0.0,0
202587,牧原大,4,1,0.25,0
202587,井上,3,1,0.3333333333333333,1
202587,川村,1,0,0.0,0
202587,佐藤直,4,1,0.25,1
202589,周東,3,1,0.3333333333333333,0
202589,柳町,4,2,0.5,0
202589,近藤,2,0,0.0,0
202589,山川,4,1,0.25,1
202589,中村,4,1,0.25,0
202589,ダウンズ,3,1,0.3333333333333333,2
202589,野村,0,0,0,0
202589,川瀬,4,1,0.25,0
202589,海野,4,1,0.25,1
202589,牧原大,3,0,0.0,0
2025810,ダウンズ,4,0,0.0,0
2025810,川村,0,0,0,0
2025810,川瀬,1,0,0.0,0
2025810,近藤,4,2,0.5,1
2025810,山川,4,0,0.0,0
2025810,柳町,3,0,0.0,0
2025810,山本,3,0,0.0,0
2025810,佐藤直,0,0,0,0
2025810,野村,3,0,0.0,0
2025810,海野,3,0,0.0,0
2025810,牧原大,3,2,0.6666666666666666,0
2025811,ダウンズ,3,1,0.3333333333333333,0
2025811,川村,1,0,0.0,0
2025811,川瀬,5,0,0.0,0
2025811,近藤,3,1,0.3333333333333333,1
2025811,山川,3,2,0.6666666666666666,0
2025811,柳町,3,0,0.0,0
2025811,嶺井,3,0,0.0,0
2025811,中村,1,1,1.0,1
2025811,海野,0,0,0,0
2025811,山本,3,1,0.3333333333333333,0
2025811,佐藤直,1,0,0.0,0
2025811,野村,4,2,0.5,0
2025811,牧原大,4,2,0.5,1
2025813,ダウンズ,3,0,0.0,0
2025813,川瀬,1,0,0.0,0
2025813,野村,5,0,0.0,0
2025813,近藤,3,1,0.3333333333333333,0
2025813,山川,3,1,0.3333333333333333,0
2025813,柳町,4,2,0.5,1
2025813,牧原大,4,1,0.25,1
2025813,山本,3,0,0.0,0
2025813,川村,1,1,1.0,0
2025813,海野,4,2,0.5,2
2025813,佐藤直,4,2,0.5,1
2025814,川村,4,0,0.0,0
2025814,柳町,3,0,0.0,0
2025814,佐藤直,0,0,0,0
2025814,近藤,3,0,0.0,0
2025814,山川,4,0,0.0,0
2025814,中村,3,0,0.0,0
2025814,牧原大,4,1,0.25,0
2025814,野村,3,2,0.6666666666666666,0
2025814,海野,2,0,0.0,0
2025814,嶺井,1,1,1.0,0
2025814,川瀬,4,3,0.75,2
2025815,ダウンズ,3,0,0.0,0
2025815,中村,0,0,0,0
2025815,海野,1,0,0.0,0
2025815,野村,4,2,0.5,1
2025815,近藤,2,0,0.0,0
2025815,山川,4,2,0.5,4
2025815,柳町,4,0,0.0,0
2025815,川村,0,0,0,0
2025815,嶺井,2,0,0.0,0
2025815,川瀬,1,1,1.0,0
2025815,牧原大,4,1,0.25,0
2025815,井上,2,0,0.0,0
2025815,緒方,2,2,1.0,0
2025815,佐藤直,1,0,0.0,1
2025816,周東,1,0,0.0,0
2025816,柳町,4,0,0.0,0
2025816,野村,5,2,0.4,1
2025816,近藤,4,0,0.0,0
2025816,山川,4,3,0.75,1
2025816,牧原大,3,2,0.6666666666666666,0
2025816,ダウンズ,3,0,0.0,0
2025816,庄子,0,0,0,0
2025816,井上,4,0,0.0,0
2025816,海野,2,0,0.0,0
2025816,谷川原,2,2,1.0,0
2025816,佐藤直,2,0,0.0,0
2025816,川村,1,0,0.0,0
2025816,中村,1,0,0.0,0
2025817,周東,4,1,0.25,0
2025817,柳町,3,1,0.3333333333333333,0
2025817,近藤,3,0,0.0,0
2025817,緒方,0,0,0,0
2025817,山川,4,0,0.0,0
2025817,中村,3,0,0.0,0
2025817,牧原大,4,2,0.5,1
2025817,野村,3,1,0.3333333333333333,0
2025817,海野,2,0,0.0,0
2025817,川瀬,2,0,0.0,0
2025819,周東,4,1,0.25,0
2025819,海野,0,0,0,0
2025819,柳町,4,1,0.25,1
2025819,近藤,3,1,0.3333333333333333,1
2025819,山川,4,2,0.5,1
2025819,中村,3,1,0.3333333333333333,0
2025819,牧原大,4,1,0.25,0
2025819,今宮,1,0,0.0,0
2025819,嶺井,2,1,0.5,1
2025819,庄子,0,0,0,0
2025819,佐藤直,0,0,0,0
2025819,野村,3,1,0.3333333333333333,0
2025820,野村,4,1,0.25,2
2025820,今宮,3,2,0.6666666666666666,0
2025820,近藤,4,0,0.0,0
2025820,山川,3,1,0.3333333333333333,1
2025820,柳町,4,0,0.0,0
2025820,緒方,0,0,0,0
2025820,牧原大,4,1,0.25,1
2025820,ダウンズ,2,1,0.5,0
2025820,川瀬,1,0,0.0,0
2025820,海野,2,0,0.0,0
2025820,佐藤直,2,0,0.0,0
2025820,中村,1,1,1.0,1
2025820,川村,0,0,0,0
2025822,周東,4,0,0.0,0
2025822,野村,4,2,0.5,0
2025822,近藤,4,1,0.25,0
2025822,山川,4,0,0.0,0
2025822,中村,3,1,0.3333333333333333,1
2025822,牧原大,4,1,0.25,1
2025822,今宮,4,2,0.5,1
2025822,ダウンズ,3,0,0.0,0
2025822,柳町,0,0,0,0
2025822,緒方,0,0,0,0
2025822,谷川原,3,0,0.0,0
2025822,海野,0,0,0,0
2025822,川瀬,0,0,0,0
2025823,周東,4,1,0.25,0
2025823,野村,4,2,0.5,0
2025823,近藤,5,1,0.2,0
2025823,山川,4,2,0.5,0
2025823,牧原大,4,3,0.75,3
2025823,今宮,3,0,0.0,0
2025823,中村,0,0,0,0
2025823,庄子,0,0,0,0
2025823,柳町,3,0,0.0,0
2025823,佐藤直,1,0,0.0,0
2025823,ダウンズ,2,0,0.0,0
2025823,川瀬,2,0,0.0,0
2025823,海野,1,0,0.0,0
2025823,谷川原,2,0,0.0,0
2025824,周東,3,0,0.0,0
2025824,川瀬,5,2,0.4,0
2025824,近藤,2,1,0.5,0
2025824,山川,5,1,0.2,0
2025824,中村,4,0,0.0,0
2025824,牧原大,4,2,0.5,0
2025824,今宮,3,0,0.0,0
2025824,海野,3,0,0.0,0
2025824,柳町,1,0,0.0,0
2025824,嶺井,0,0,0,0
2025824,野村,3,1,0.3333333333333333,0
2025826,周東,4,1,0.25,0
2025826,庄子,1,0,0.0,0
2025826,牧原大,4,2,0.5,0
2025826,近藤,4,0,0.0,0
2025826,川村,0,0,0,0
2025826,中村,4,2,0.5,1
2025826,柳町,4,1,0.25,0
2025826,山川,4,1,0.25,0
2025826,今宮,3,0,0.0,0
2025826,佐藤直,1,0,0.0,0
2025826,嶺井,2,0,0.0,0
2025826,谷川原,2,2,1.0,0
2025826,川瀬,3,0,0.0,0
2025826,野村,1,1,1.0,1
2025827,野村,5,1,0.2,1
2025827,周東,5,2,0.4,0
2025827,近藤,4,1,0.25,0
2025827,佐藤直,1,0,0.0,0
2025827,中村,3,0,0.0,0
2025827,山川,4,1,0.25,0
2025827,谷川原,0,0,0,0
2025827,牧原大,4,2,0.5,0
2025827,今宮,3,0,0.0,0
2025827,柳町,4,2,0.5,1
2025827,緒方,0,0,0,0
2025827,海野,1,0,0.0,1
2025829,周東,5,0,0.0,0
2025829,柳町,4,2,0.5,0
2025829,緒方,0,0,0,0
2025829,近藤,2,1,0.5,2
2025829,佐藤直,1,1,1.0,0
2025829,中村,4,0,0.0,0
2025829,山川,4,0,0.0,0
2025829,牧原大,4,1,0.25,0
2025829,栗原,3,2,0.6666666666666666,1
2025829,海野,4,2,0.5,0
2025829,野村,4,0,0.0,0
2025830,野村,5,1,0.2,0
2025830,周東,4,3,0.75,0
2025830,牧原大,5,2,0.4,2
2025830,山川,3,0,0.0,0
2025830,中村,4,1,0.25,0
2025830,緒方,0,0,0,0
2025830,今宮,3,1,0.3333333333333333,0
2025830,栗原,4,0,0.0,0
2025830,海野,3,1,0.3333333333333333,0
2025830,嶺井,1,0,0.0,0
2025830,佐藤直,3,1,0.3333333333333333,1
2025830,柳町,1,0,0.0,0
2025831,野村,4,1,0.25,0
2025831,柳町,1,1,1.0,1
2025831,周東,4,2,0.5,0
2025831,牧原大,5,0,0.0,0
2025831,山川,4,2,0.5,0
2025831,中村,4,0,0.0,0
2025831,今宮,4,2,0.5,0
2025831,栗原,4,2,0.5,0
2025831,嶺井,1,1,1.0,1
2025831,谷川原,3,1,0.3333333333333333,1
2025831,佐藤直,3,2,0.6666666666666666,0
2025831,川村,0,0,0,0
202592,野村,4,0,0.0,0
202592,牧原大,3,1,0.3333333333333333,0
202592,柳町,3,0,0.0,0
202592,緒方,0,0,0,0
202592,山川,4,1,0.25,0
202592,今宮,4,2,0.5,1
202592,栗原,3,2,0.6666666666666666,0
202592,川瀬,1,0,0.0,0
202592,海野,2,0,0.0,0
202592,中村,1,1,1.0,1
202592,笹川,0,0,0,0
202592,嶺井,1,0,0.0,0
202592,周東,3,0,0.0,0
202593,周東,4,1,0.25,1
202593,柳町,4,1,0.25,2
202593,牧原大,4,0,0.0,0
202593,中村,4,3,0.75,0
202593,野村,0,0,0,0
202593,栗原,4,1,0.25,1
202593,今宮,4,2,0.5,1
202593,川瀬,0,0,0,0
202593,山川,2,0,0.0,0
202593,嶺井,4,1,0.25,1
202593,笹川,3,0,0.0,1
202594,周東,4,1,0.25,1
202594,緒方,0,0,0,0
202594,柳町,4,2,0.5,0
202594,牧原大,5,1,0.2,1
202594,嶺井,5,1,0.2,0
202594,栗原,4,2,0.5,3
202594,山川,3,1,0.3333333333333333,0
202594,野村,0,0,0,0
202594,今宮,3,1,0.3333333333333333,0
202594,川瀬,1,1,1.0,1
202594,海野,4,2,0.5,2
202594,佐藤直,3,0,0.0,0
202594,谷川原,1,0,0.0,0
202595,野村,5,2,0.4,0
202595,柳町,4,4,1.0,1
202595,緒方,0,0,0,0
202595,牧原大,5,1,0.2,3
202595,庄子,0,0,0,0
202595,中村,4,1,0.25,1
202595,笹川,1,1,1.0,2
202595,栗原,4,2,0.5,1
202595,山川,5,1,0.2,0
202595,石塚,4,3,0.75,1
202595,海野,3,1,0.3333333333333333,1
202595,谷川原,1,0,0.0,0
202595,佐藤直,4,2,0.5,1
202596,周東,4,0,0.0,0
202596,柳町,3,0,0.0,0
202596,緒方,0,0,0,0
202596,牧原大,4,1,0.25,0
202596,中村,3,0,0.0,0
202596,栗原,4,1,0.25,1
202596,山川,2,0,0.0,0
202596,谷川原,1,0,0.0,0
202596,笹川,3,2,0.6666666666666666,0
202596,佐藤直,0,0,0,0
202596,海野,3,1,0.3333333333333333,1
202596,野村,2,0,0.0,0
202597,野村,4,1,0.25,1
202597,周東,3,2,0.6666666666666666,0
202597,牧原大,4,1,0.25,0
202597,柳町,2,1,0.5,1
202597,栗原,4,0,0.0,0
202597,山川,4,1,0.25,0
202597,川瀬,0,0,0,0
202597,石塚,3,0,0.0,0
202597,近藤,1,0,0.0,0
202597,海野,2,1,0.5,0
202597,谷川原,1,0,0.0,0
202597,佐藤直,3,1,0.3333333333333333,0
202597,中村,1,0,0.0,0
202599,周東,4,0,0.0,0
202599,近藤,4,0,0.0,0
202599,牧原大,4,1,0.25,0
202599,中村,4,2,0.5,0
202599,柳町,4,1,0.25,0
202599,栗原,4,1,0.25,0
202599,川瀬,3,1,0.3333333333333333,0
202599,野村,1,0,0.0,0
202599,海野,2,1,0.5,2
202599,谷川原,1,0,0.0,0
202599,山川,1,1,1.0,1
202599,笹川,4,1,0.25,1
2025911,牧原大,4,1,0.25,0
2025911,周東,4,1,0.25,0
2025911,近藤,3,0,0.0,0
2025911,栗原,2,0,0.0,1
2025911,柳町,3,0,0.0,0
2025911,山川,3,0,0.0,0
2025911,笹川,3,0,0.0,0
2025911,嶺井,1,0,0.0,0
2025911,谷川原,2,0,0.0,0
2025911,野村,3,0,0.0,0
2025913,周東,4,1,0.25,0
2025913,緒方,3,0,0.0,0
2025913,山川,1,0,0.0,0
2025913,佐藤直,0,0,0,0
2025913,柳町,4,1,0.25,0
2025913,近藤,4,2,0.5,0
2025913,庄子,0,0,0,0
2025913,中村,3,1,0.3333333333333333,0
2025913,野村,0,0,0,0
2025913,牧原大,3,1,0.3333333333333333,1
2025913,栗原,3,2,0.6666666666666666,0
2025913,海野,3,1,0.3333333333333333,0
2025913,川瀬,4,0,0.0,0
2025914,周東,4,1,0.25,0
2025914,柳町,5,2,0.4,1
2025914,緒方,0,0,0,0
2025914,近藤,3,0,0.0,0
2025914,山川,0,0,0,0
2025914,谷川原,0,0,0,0
2025914,中村,4,2,0.5,0
2025914,牧原大,5,0,0.0,0
2025914,栗原,4,2,0.5,0
2025914,野村,4,1,0.25,1
2025914,海野,4,2,0.5,1
2025914,佐藤直,2,0,0.0,0
2025914,笹川,2,1,0.5,1
2025915,野村,5,1,0.2,0
2025915,周東,4,1,0.25,0
2025915,柳町,3,3,1.0,2
2025915,緒方,0,0,0,0
2025915,中村,3,1,0.3333333333333333,2
2025915,栗原,4,1,0.25,0
2025915,牧原大,4,3,0.75,0
2025915,山川,3,1,0.3333333333333333,0
2025915,谷川原,1,0,0.0,0
2025915,海野,4,2,0.5,1
2025915,笹川,4,0,0.0,0
2025915,佐藤直,0,0,0,0
2025917,周東,5,2,0.4,2
2025917,柳町,4,2,0.5,1
2025917,緒方,0,0,0,0
2025917,牧原大,5,1,0.2,2
2025917,中村,4,1,0.25,2
2025917,川瀬,0,0,0,0
2025917,栗原,4,3,0.75,3
2025917,山川,4,1,0.25,0
2025917,谷川原,5,2,0.4,0
2025917,海野,5,2,0.4,0
2025917,野村,5,3,0.6,1
2025918,周東,4,0,0.0,0
2025918,近藤,5,0,0.0,0
2025918,牧原大,4,0,0.0,0
2025918,中村,3,1,0.3333333333333333,0
2025918,栗原,3,3,1.0,1
2025918,柳町,3,1,0.3333333333333333,1
2025918,緒方,0,0,0,0
2025918,野村,2,0,0.0,0
2025918,谷川原,0,0,0,0
2025918,嶺井,1,0,0.0,0
2025918,海野,2,1,0.5,0
2025918,笹川,2,0,0.0,0
2025918,山川,0,0,0,0
2025918,佐藤直,0,0,0,0
2025918,川瀬,0,0,0,1
2025920,周東,4,1,0.25,0
2025920,柳町,5,1,0.2,0
2025920,近藤,5,4,0.8,3
2025920,中村,4,0,0.0,0
2025920,庄子,0,0,0,0
2025920,栗原,5,2,0.4,0
2025920,牧原大,4,2,0.5,1
2025920,川瀬,3,1,0.3333333333333333,0
2025920,海野,4,0,0.0,0
2025920,緒方,2,0,0.0,0
2025920,山川,1,0,0.0,0
2025920,佐藤直,0,0,0,0
2025920,野村,1,0,0.0,0
2025920,谷川原,0,0,0,0
2025921,野村,5,1,0.2,0
2025921,柳町,4,1,0.25,0
2025921,近藤,3,1,0.3333333333333333,0
2025921,中村,3,1,0.3333333333333333,0
2025921,栗原,2,0,0.0,0
2025921,牧原大,4,0,0.0,0
2025921,谷川原,3,1,0.3333333333333333,0
2025921,山川,1,0,0.0,0
2025921,緒方,0,0,0,0
2025921,海野,3,0,0.0,0
2025921,川瀬,1,1,1.0,0
2025921,佐藤直,2,1,0.5,0
2025921,笹川,2,1,0.5,1
2025922,野村,2,0,0.0,0
2025922,山川,1,0,0.0,0
2025922,柳田,3,0,0.0,0
2025922,柳町,4,0,0.0,0
2025922,近藤,4,2,0.5,0
2025922,中村,4,0,0.0,0
2025922,栗原,3,1,0.3333333333333333,0
2025922,牧原大,3,1,0.3333333333333333,0
2025922,海野,2,0,0.0,0
2025922,川瀬,3,0,0.0,0
2025923,谷川原,3,1,0.3333333333333333,0
2025923,中村,0,0,0,0
2025923,佐藤直,0,0,0,0
2025923,柳田,4,0,0.0,0
2025923,柳町,3,0,0.0,0
2025923,近藤,4,0,0.0,0
2025923,栗原,4,2,0.5,0
2025923,山川,3,1,0.3333333333333333,0
2025923,牧原大,4,2,0.5,0
2025923,嶺井,3,0,0.0,0
2025923,野村,1,0,0.0,0
2025923,川瀬,3,0,0.0,0
2025924,柳田,4,2,0.5,1
2025924,緒方,1,0,0.0,0
2025924,近藤,5,3,0.6,2
2025924,谷川原,0,0,0,0
2025924,栗原,5,1,0.2,0
2025924,中村,4,1,0.25,2
2025924,柳町,4,1,0.25,1
2025924,佐藤直,0,0,0,0
2025924,牧原大,4,1,0.25,0
2025924,野村,5,2,0.4,0
2025924,海野,1,0,0.0,0
2025924,川瀬,4,3,0.75,2
2025925,柳田,6,1,0.16666666666666666,0
2025925,近藤,3,1,0.3333333333333333,0
2025925,緒方,0,0,0,0
2025925,栗原,5,2,0.4,2
2025925,山川,4,1,0.25,0
2025925,佐藤直,0,0,0,0
2025925,柳町,4,2,0.5,0
2025925,中村,0,0,0,0
2025925,牧原大,4,0,0.0,0
2025925,野村,3,1,0.3333333333333333,3
2025925,嶺井,4,0,0.0,0
2025925,海野,1,1,1.0,0
2025925,川瀬,5,3,0.6,1
2025926,柳田,5,2,0.4,0
2025926,近藤,3,1,0.3333333333333333,1
2025926,谷川原,1,0,0.0,0
2025926,栗原,4,2,0.5,1
2025926,山川,3,0,0.0,0
2025926,緒方,0,0,0,0
2025926,柳町,4,3,0.75,2
2025926,中村,0,0,0,0
2025926,牧原大,4,1,0.25,0
2025926,野村,4,0,0.0,0
2025926,海野,3,0,0.0,0
2025926,川瀬,3,0,0.0,0
2025927,柳田,5,2,0.4,0
2025927,緒方,0,0,0,0
2025927,川瀬,4,0,0.0,0
2025927,栗原,5,1,0.2,2
2025927,中村,2,0,0.0,0
2025927,柳町,4,2,0.5,1
2025927,牧原大,4,1,0.25,0
2025927,山川,3,2,0.6666666666666666,0
2025927,谷川原,1,0,0.0,0
2025927,海野,3,1,0.3333333333333333,0
2025927,野村,4,2,0.5,1
2025928,野村,5,1,0.2,0
2025928,川瀬,5,2,0.4,1
2025928,栗原,3,0,0.0,0
2025928,柳町,2,0,0.0,0
2025928,牧原大,3,1,0.3333333333333333,0
2025928,谷川原,4,1,0.25,0
2025928,海野,2,0,0.0,0
2025928,嶺井,2,0,0.0,0
2025928,佐藤直,4,4,1.0,1
2025928,緒方,3,2,0.6666666666666666,1
2025928,庄子,4,1,0.25,1
2025930,柳田,4,0,0.0,0
2025930,緒方,0,0,0,0
2025930,牧原大,4,2,0.5,0
2025930,柳町,3,0,0.0,0
2025930,中村,2,0,0.0,0
2025930,庄子,1,0,0.0,0
2025930,山川,4,1,0.25,1
2025930,井上,4,0,0.0,0
2025930,川瀬,4,0,0.0,0
2025930,谷川原,3,1,0.3333333333333333,0
2025930,藤田悠,0,0,0,0
2025930,野村,3,1,0.3333333333333333,0
2025103,柳田,3,2,0.6666666666666666,1
2025103,笹川,1,1,1.0,0
2025103,柳町,5,1,0.2,2
2025103,佐藤直,0,0,0,0
2025103,牧原大,3,2,0.6666666666666666,0
2025103,中村,1,0,0.0,0
2025103,庄子,1,1,1.0,1
2025103,山川,3,1,0.3333333333333333,1
2025103,藤田悠,0,0,0,0
2025103,栗原,5,2,0.4,4
2025103,谷川原,4,2,0.5,1
2025103,井上,4,0,0.0,0
2025103,海野,4,0,0.0,0
2025103,野村,3,2,0.6666666666666666,0
2025103,川瀬,1,0,0.0,0
2025105,柳田,4,2,0.5,1
2025105,中村,1,0,0.0,0
2025105,野村,5,2,0.4,0
2025105,柳町,3,1,0.3333333333333333,0
2025105,緒方,0,0,0,0
2025105,山川,4,1,0.25,4
2025105,牧原大,0,0,0,0
2025105,栗原,4,0,0.0,0
2025105,川瀬,3,1,0.3333333333333333,0
2025105,谷川原,4,1,0.25,0
2025105,海野,3,0,0.0,0
2025105,佐藤直,2,0,0.0,0
2025105,笹川,1,1,1.0,0
20251015,柳田,4,1,0.25,0
20251015,緒方,0,0,0,0
20251015,周東,1,0,0.0,0
20251015,柳町,5,2,0.4,0
20251015,栗原,4,2,0.5,0
20251015,庄子,0,0,0,0
20251015,中村,3,0,0.0,0
20251015,牧原大,4,0,0.0,0
20251015,今宮,5,2,0.4,0
20251015,山川,4,1,0.25,1
20251015,海野,3,1,0.3333333333333333,0
20251015,野村,4,1,0.25,1
20251016,柳田,4,1,0.25,3
20251016,周東,0,0,0,0
20251016,柳町,3,2,0.6666666666666666,0
20251016,栗原,4,1,0.25,0
20251016,中村,4,0,0.0,0
20251016,牧原大,4,0,0.0,0
20251016,今宮,3,0,0.0,0
20251016,山川,3,2,0.6666666666666666,0
20251016,緒方,0,0,0,0
20251016,海野,2,0,0.0,0
20251016,野村,2,0,0.0,0
20251016,川瀬,0,0,0,0
20251017,柳田,4,1,0.25,0
20251017,川瀬,3,1,0.3333333333333333,0
20251017,栗原,4,0,0.0,0
20251017,山川,4,0,0.0,0
20251017,柳町,4,3,0.75,0
20251017,牧原大,3,0,0.0,0
20251017,嶺井,1,0,0.0,0
20251017,野村,3,0,0.0,0
20251017,海野,2,0,0.0,0
20251017,正木,1,0,0.0,0
20251017,周東,2,0,0.0,0
20251018,柳田,3,2,0.6666666666666666,0
20251018,周東,4,1,0.25,0
20251018,柳町,4,2,0.5,1
20251018,中村,2,1,0.5,1
20251018,山川,2,0,0.0,0
20251018,栗原,4,0,0.0,0
20251018,正木,4,1,0.25,0
20251018,今宮,4,0,0.0,0
20251018,嶺井,2,0,0.0,0
20251018,谷川原,2,0,0.0,0
20251018,野村,4,1,0.25,1
20251019,野村,4,2,0.5,0
20251019,周東,3,0,0.0,0
20251019,柳町,4,1,0.25,0
20251019,柳田,4,1,0.25,0
20251019,正木,4,0,0.0,0
20251019,栗原,4,1,0.25,0
20251019,山川,4,1,0.25,1
20251019,海野,2,0,0.0,0
20251019,谷川原,1,0,0.0,0
20251019,牧原大,3,0,0.0,0
20251020,周東,4,1,0.25,0
20251020,川瀬,3,1,0.3333333333333333,1
20251020,柳町,4,0,0.0,0
20251020,柳田,4,1,0.25,0
20251020,緒方,0,0,0,0
20251020,栗原,3,0,0.0,0
20251020,山川,1,0,0.0,0
20251020,庄子,0,0,0,0
20251020,野村,4,0,0.0,0
20251020,海野,3,1,0.3333333333333333,0
20251020,牧原大,3,2,0.6666666666666666,0
20251025,柳田,4,2,0.5,0
20251025,緒方,0,0,0,0
20251025,周東,4,1,0.25,0
20251025,柳町,4,0,0.0,0
20251025,近藤,4,2,0.5,1
20251025,栗原,4,1,0.25,0
20251025,川瀬,3,1,0.3333333333333333,0
20251025,山川,0,0,0,0
20251025,庄子,0,0,0,0
20251025,野村,4,0,0.0,0
20251025,海野,2,0,0.0,0
20251025,正木,1,0,0.0,0
20251025,嶺井,0,0,0,0
20251025,今宮,1,0,0.0,0
20251025,牧原大,4,1,0.25,0
20251026,柳田,5,3,0.6,0
20251026,谷川原,0,0,0,0
20251026,周東,5,5,1.0,1
20251026,柳町,2,1,0.5,0
20251026,近藤,5,1,0.2,1
20251026,栗原,4,1,0.25,1
20251026,山川,5,2,0.4,5
20251026,野村,0,0,0,0
20251026,川瀬,3,0,0.0,0
20251026,今宮,1,1,1.0,0
20251026,海野,4,0,0.0,0
20251026,牧原大,3,0,0.0,0
20251028,柳田,3,1,0.3333333333333333,0
20251028,緒方,0,0,0,0
20251028,周東,3,1,0.3333333333333333,0
20251028,柳町,4,1,0.25,1
20251028,山川,1,1,1.0,1
20251028,野村,0,0,0,0
20251028,栗原,4,0,0.0,0
20251028,今宮,4,0,0.0,0
20251028,杉山,0,0,0,0
20251028,牧原大,4,2,0.5,0
20251028,海野,4,0,0.0,0
20251028,モイネロ,2,0,0.0,0
20251028,藤井,0,0,0,0
20251028,ダウンズ,0,0,0,0
20251028,松本裕,0,0,0,0
20251028,川瀬,0,0,0,0
20251029,柳田,4,2,0.5,0
20251029,緒方,0,0,0,0
20251029,周東,5,1,0.2,0
20251029,柳町,3,0,0.0,1
20251029,山川,3,1,0.3333333333333333,1
20251029,ヘルナンデス,0,0,0,0
20251029,松本裕,0,0,0,0
20251029,杉山,0,0,0,0
20251029,栗原,4,1,0.25,0
20251029,野村,4,1,0.25,0
20251029,牧原大,4,1,0.25,0
20251029,海野,3,0,0.0,0
20251029,大津,1,1,1.0,0
20251029,近藤,1,1,1.0,1
20251029,藤井,0,0,0,0
20251029,川瀬,1,0,0.0,0
20251030,柳田,6,2,0.3333333333333333,2
20251030,松本裕,0,0,0,0
20251030,周東,5,0,0.0,0
20251030,柳町,5,2,0.4,0
20251030,山川,4,1,0.25,0
20251030,栗原,5,0,0.0,0
20251030,野村,4,2,0.5,1
20251030,牧原大,2,0,0.0,0
20251030,近藤,1,0,0.0,0
20251030,川瀬,2,1,0.5,0
20251030,海野,1,0,0.0,0
20251030,嶺井,3,2,0.6666666666666666,0
20251030,有原,1,0,0.0,0
20251030,ヘルナンデス,0,0,0,0
20251030,正木,1,0,0.0,0
20251030,松本晴,0,0,0,0
20251030,ダウンズ,1,0,0.0,0
20251030,藤井,0,0,0,0
20251030,今宮,1,0,0.0,0
20251030,杉山,0,0,0,0
20251030,緒方,1,0,0.0,0
