名前,チーム,地域,エリア
二俣,広島東洋カープ,静岡,1
矢野,広島東洋カープ,大阪,1
小園,広島東洋カープ,兵庫,1
モンテロ,広島東洋カープ,ドミニカ共和国,2
秋山,広島東洋カープ,神奈川,1
ファビアン,広島東洋カープ,ドミニカ共和国,2
菊池,広島東洋カープ,東京,1
森下,広島東洋カープ,大分,1
野間,広島東洋カープ,兵庫,1
會澤,広島東洋カープ,茨城,1
田村,広島東洋カープ,高知,1
石原,広島東洋カープ,兵庫,1
床田,広島東洋カープ,兵庫,1
堂林,広島東洋カープ,愛知,1
森,広島東洋カープ,鳥取,1
大盛,広島東洋カープ,大阪,1
末包,広島東洋カープ,香川,1
大瀬良,広島東洋カープ,長崎,1
玉村,広島東洋カープ,福井,0
林,広島東洋カープ,和歌山,1
山足,広島東洋カープ,大阪,1
磯村,広島東洋カープ,愛知,1
ドミンゲス,広島東洋カープ,ドミニカ共和国,2
中村奨,広島東洋カープ,広島,1
羽月,広島東洋カープ,宮崎,1
坂倉,広島東洋カープ,千葉,1
高橋,広島東洋カープ,埼玉,1
佐々木,広島東洋カープ,岐阜,1
上本,広島東洋カープ,広島,1
田中,広島東洋カープ,神奈川,1
佐藤柳,広島東洋カープ,宮城,0
中村健,広島東洋カープ,愛知,1
久保,広島東洋カープ,大阪,1
髙,広島東洋カープ,愛媛,1
遠藤,広島東洋カープ,茨城,1
前川,広島東洋カープ,京都,1
常廣,広島東洋カープ,大分,1
内田,広島東洋カープ,長野,0
アドゥワ,広島東洋カープ,熊本,1
清水,広島東洋カープ,群馬,1
佐藤啓,広島東洋カープ,愛知,1
渡邉,広島東洋カープ,東京,1
斉藤,広島東洋カープ,北海道,0
松山,広島東洋カープ,鹿児島,1
矢澤,北海道日本ハムファイターズ,東京,1
清宮幸,北海道日本ハムファイターズ,東京,1
レイエス,北海道日本ハムファイターズ,ドミニカ共和国,2
野村,北海道日本ハムファイターズ,群馬,1
田宮,北海道日本ハムファイターズ,千葉,1
万波,北海道日本ハムファイターズ,東京,1
上川畑,北海道日本ハムファイターズ,岡山,1
水野,北海道日本ハムファイターズ,香川,1
五十幡,北海道日本ハムファイターズ,埼玉,1
郡司,北海道日本ハムファイターズ,千葉,1
マルティネス,北海道日本ハムファイターズ,キューバ共和国,2
吉田,北海道日本ハムファイターズ,神奈川,1
松本剛,北海道日本ハムファイターズ,埼玉,1
石井,北海道日本ハムファイターズ,栃木,1
今川,北海道日本ハムファイターズ,北海道,0
伏見,北海道日本ハムファイターズ,北海道,0
奈良間,北海道日本ハムファイターズ,静岡,1
若林,北海道日本ハムファイターズ,東京,1
水谷,北海道日本ハムファイターズ,愛知,1
山縣,北海道日本ハムファイターズ,東京,1
淺間,北海道日本ハムファイターズ,東京,1
有薗,北海道日本ハムファイターズ,千葉,1
細川,北海道日本ハムファイターズ,京都,1
進藤,北海道日本ハムファイターズ,福岡,1
伊藤,北海道日本ハムファイターズ,北海道,0
山﨑福,北海道日本ハムファイターズ,埼玉,1
金村,北海道日本ハムファイターズ,沖縄,1
中島卓也,北海道日本ハムファイターズ,福岡,1
宮崎,北海道日本ハムファイターズ,東京,1
達,北海道日本ハムファイターズ,大阪,1
北山,北海道日本ハムファイターズ,京都,1
加藤貴,北海道日本ハムファイターズ,千葉,1
梅林,北海道日本ハムファイターズ,広島,1
阪口,北海道日本ハムファイターズ,京都,1
周東,福岡ソフトバンクホークス,群馬,1
近藤,福岡ソフトバンクホークス,東京,1
柳田,福岡ソフトバンクホークス,広島,1
山川,福岡ソフトバンクホークス,沖縄,1
正木,福岡ソフトバンクホークス,東京,1
今宮,福岡ソフトバンクホークス,大分,1
ダウンズ,福岡ソフトバンクホークス,コロンビア,2
リチャード,福岡ソフトバンクホークス,沖縄,1
谷川原,福岡ソフトバンクホークス,愛知,1
牧原大,福岡ソフトバンクホークス,福岡,1
海野,福岡ソフトバンクホークス,岡山,1
中村,福岡ソフトバンクホークス,埼玉,1
川瀬,福岡ソフトバンクホークス,大分,1
渡邉,福岡ソフトバンクホークス,熊本,1
柳町,福岡ソフトバンクホークス,茨城,1
廣瀨隆,福岡ソフトバンクホークス,神奈川,1
緒方,福岡ソフトバンクホークス,宮崎,1
佐藤直,福岡ソフトバンクホークス,兵庫,1
野村,福岡ソフトバンクホークス,兵庫,1
嶺井,福岡ソフトバンクホークス,沖縄,1
山本,福岡ソフトバンクホークス,東京,1
栗原,福岡ソフトバンクホークス,福井,0
石塚,福岡ソフトバンクホークス,秋田,0
笹川,福岡ソフトバンクホークス,神奈川,1
庄子,福岡ソフトバンクホークス,神奈川,1
秋広,福岡ソフトバンクホークス,千葉,1
モイネロ,福岡ソフトバンクホークス,キューバ,2
上沢,福岡ソフトバンクホークス,千葉,1
松本晴,福岡ソフトバンクホークス,大阪,1
有原,福岡ソフトバンクホークス,広島,1
前田純,福岡ソフトバンクホークス,沖縄,1
大関,福岡ソフトバンクホークス,茨城,1
井上,福岡ソフトバンクホークス,大阪,1
川村,福岡ソフトバンクホークス,北海道,0
大津,福岡ソフトバンクホークス,福岡,1
近本,阪神タイガース,兵庫,1
中野,阪神タイガース,山形,0
佐藤輝,阪神タイガース,兵庫,1
森下,阪神タイガース,神奈川,1
大山,阪神タイガース,茨城,1
前川,阪神タイガース,三重,1
坂本,阪神タイガース,兵庫,1
木浪,阪神タイガース,青森,0
村上,阪神タイガース,兵庫,1
ヘルナンデス,阪神タイガース,ドミニカ共和国,2
石井,阪神タイガース,秋田,0
島田,阪神タイガース,熊本,1
梅野,阪神タイガース,福岡,1
榮枝,阪神タイガース,高知,1
原口,阪神タイガース,埼玉,1
井上,阪神タイガース,大阪,1
髙寺,阪神タイガース,長野,0
小幡,阪神タイガース,大分,1
才木,阪神タイガース,兵庫,1
糸原,阪神タイガース,島根,1
ビーズリー,阪神タイガース,アメリカ合衆国,2
デュプランティエ,阪神タイガース,アメリカ合衆国,2
渡邉,阪神タイガース,茨城,1
富田,阪神タイガース,岐阜,1
門別,阪神タイガース,北海道,0
西勇,阪神タイガース,三重,1
植田,阪神タイガース,滋賀,1
楠本,阪神タイガース,神奈川,1
伊原,阪神タイガース,奈良,1
大竹,阪神タイガース,熊本,1
中川,阪神タイガース,愛知,1
熊谷,阪神タイガース,宮城,0
豊田,阪神タイガース,神奈川,1
伊藤将,阪神タイガース,千葉,1
髙橋,阪神タイガース,静岡,1
井坪,阪神タイガース,東京,1
早川,阪神タイガース,北海道,0
小野寺,阪神タイガース,奈良,1
ネルソン,阪神タイガース,アメリカ合衆国,2
長坂,阪神タイガース,群馬,1
若林,読売ジャイアンツ,北海道,0
キャベッジ,読売ジャイアンツ,アメリカ合衆国,2
吉川,読売ジャイアンツ,岐阜,1
岡本,読売ジャイアンツ,奈良,1
ヘルナンデス,読売ジャイアンツ,ドミニカ共和国,2
坂本,読売ジャイアンツ,佐賀福岡,2
甲斐,読売ジャイアンツ,大分,1
門脇,読売ジャイアンツ,奈良,1
戸郷,読売ジャイアンツ,宮崎,1
浦田,読売ジャイアンツ,長崎,1
オコエ,読売ジャイアンツ,東京,1
長野,読売ジャイアンツ,佐賀,1
大城卓,読売ジャイアンツ,沖縄,1
中山,読売ジャイアンツ,愛知,1
湯浅,読売ジャイアンツ,群馬,1
赤星,読売ジャイアンツ,東京,1
岸田,読売ジャイアンツ,兵庫,1
石川,読売ジャイアンツ,神奈川,1
井上,読売ジャイアンツ,群馬,1
萩尾,読売ジャイアンツ,熊本,1
山﨑,読売ジャイアンツ,兵庫,1
田中将,読売ジャイアンツ,兵庫,1
泉口,読売ジャイアンツ,和歌山,1
増田大,読売ジャイアンツ,徳島,1
佐々木,読売ジャイアンツ,東京,1
笹原,読売ジャイアンツ,長野,0
荒巻,読売ジャイアンツ,福岡,1
横川,読売ジャイアンツ,滋賀,1
岡田,読売ジャイアンツ,広島,1
郡,読売ジャイアンツ,東京,1
増田陸,読売ジャイアンツ,大阪,1
堀田,読売ジャイアンツ,岩手,0
秋広,読売ジャイアンツ,千葉,1
重信,読売ジャイアンツ,千葉,1
グリフィン,読売ジャイアンツ,アメリカ合衆国,2
浅野,読売ジャイアンツ,香川,1
リチャード,読売ジャイアンツ,沖縄,1
丸,読売ジャイアンツ,千葉,1
小林,読売ジャイアンツ,大阪,1
三塚,読売ジャイアンツ,千葉,1
西舘,読売ジャイアンツ,岩手,0
フルプ,読売ジャイアンツ,チェコ共和国,2
乙坂,読売ジャイアンツ,神奈川,1
森田,読売ジャイアンツ,富山,0
又木,読売ジャイアンツ,山梨,1
平内,読売ジャイアンツ,兵庫,1
石塚,読売ジャイアンツ,千葉,1
山瀬,読売ジャイアンツ,石川,0
梶原,横浜DeNAベイスターズ,大分,1
牧,横浜DeNAベイスターズ,長野,0
筒香,横浜DeNAベイスターズ,和歌山,1
オースティン,横浜DeNAベイスターズ,アメリカ合衆国,2
宮﨑,横浜DeNAベイスターズ,佐賀,1
蝦名,横浜DeNAベイスターズ,青森,0
山本,横浜DeNAベイスターズ,大阪,1
森敬,横浜DeNAベイスターズ,静岡,1
東,横浜DeNAベイスターズ,三重,1
三森,横浜DeNAベイスターズ,青森,0
佐野,横浜DeNAベイスターズ,岡山,1
バウアー,横浜DeNAベイスターズ,アメリカ合衆国,2
松尾,横浜DeNAベイスターズ,京都,1
京田,横浜DeNAベイスターズ,石川,0
平良,横浜DeNAベイスターズ,沖縄,1
柴田,横浜DeNAベイスターズ,岡山,1
ジャクソン,横浜DeNAベイスターズ,アメリカ合衆国,2
戸柱,横浜DeNAベイスターズ,鹿児島,1
林,横浜DeNAベイスターズ,愛知,1
大貫,横浜DeNAベイスターズ,神奈川,1
ケイ,横浜DeNAベイスターズ,アメリカ合衆国,2
石田裕,横浜DeNAベイスターズ,神奈川,1
度会,横浜DeNAベイスターズ,千葉,1
神里,横浜DeNAベイスターズ,沖縄,1
石上,横浜DeNAベイスターズ,徳島,1
吉野,横浜DeNAベイスターズ,熊本,1
勝又,横浜DeNAベイスターズ,東京,1
九鬼,横浜DeNAベイスターズ,大阪,1
桑原,横浜DeNAベイスターズ,大阪,1
颯,横浜DeNAベイスターズ,神奈川,1
知野,横浜DeNAベイスターズ,新潟,0
東妻,横浜DeNAベイスターズ,和歌山,1
伊藤,横浜DeNAベイスターズ,愛知,1
井上,横浜DeNAベイスターズ,福岡,1
小園,横浜DeNAベイスターズ,大阪,1
関根,横浜DeNAベイスターズ,愛知,1
フォード,横浜DeNAベイスターズ,アメリカ合衆国,2
ビシエド,横浜DeNAベイスターズ,キューバ,2
竹田,横浜DeNAベイスターズ,大阪,1
藤浪,横浜DeNAベイスターズ,大阪,1
森唯,横浜DeNAベイスターズ,徳島,1
加藤,横浜DeNAベイスターズ,神奈川,1
佐々木,横浜DeNAベイスターズ,東京,1
田内,横浜DeNAベイスターズ,広島,1
篠木,横浜DeNAベイスターズ,群馬,1
西川,東京ヤクルトスワローズ,和歌山,1
岩田,東京ヤクルトスワローズ,兵庫,1
長岡,東京ヤクルトスワローズ,千葉,1
サンタナ,東京ヤクルトスワローズ,ドミニカ共和国,2
オスナ,東京ヤクルトスワローズ,ベネズエラ,2
赤羽,東京ヤクルトスワローズ,長野,0
茂木,東京ヤクルトスワローズ,東京,1
中村悠,東京ヤクルトスワローズ,福井,0
奥川,東京ヤクルトスワローズ,石川,0
濱田,東京ヤクルトスワローズ,福岡,1
丸山和,東京ヤクルトスワローズ,群馬,1
増田,東京ヤクルトスワローズ,長崎,1
並木,東京ヤクルトスワローズ,埼玉,1
松本直,東京ヤクルトスワローズ,香川,1
金久保,東京ヤクルトスワローズ,千葉,1
宮本,東京ヤクルトスワローズ,大阪,1
高橋,東京ヤクルトスワローズ,京都,1
山田,東京ヤクルトスワローズ,兵庫,1
古賀,東京ヤクルトスワローズ,福岡,1
山野,東京ヤクルトスワローズ,山口,1
小川,東京ヤクルトスワローズ,愛知,1
高梨,東京ヤクルトスワローズ,千葉,1
武岡,東京ヤクルトスワローズ,徳島,1
ランバート,東京ヤクルトスワローズ,アメリカ合衆国,2
石川,東京ヤクルトスワローズ,秋田,0
村上,東京ヤクルトスワローズ,熊本,1
吉村,東京ヤクルトスワローズ,東京,1
伊藤,東京ヤクルトスワローズ,群馬,1
内山,東京ヤクルトスワローズ,石川,0
橋本,東京ヤクルトスワローズ,兵庫,1
北村拓,東京ヤクルトスワローズ,石川,0
アビラ,東京ヤクルトスワローズ,ベネズエラ,2
山野辺,東京ヤクルトスワローズ,東京,1
澤井,東京ヤクルトスワローズ,愛知,1
中村優,東京ヤクルトスワローズ,長崎,1
田中,東京ヤクルトスワローズ,東京,1
太田,東京ヤクルトスワローズ,埼玉,1
北村恵,東京ヤクルトスワローズ,岐阜,1
松本健,東京ヤクルトスワローズ,東京,1
下川,東京ヤクルトスワローズ,神奈川,1
青柳,東京ヤクルトスワローズ,神奈川,1
川端,東京ヤクルトスワローズ,大阪,1
西村,東京ヤクルトスワローズ,京都,1
鈴木叶,東京ヤクルトスワローズ,静岡,1
西川,千葉ロッテマリーンズ,和歌山,1
藤岡,千葉ロッテマリーンズ,岡山,1
藤原,千葉ロッテマリーンズ,大阪,1
ポランコ,千葉ロッテマリーンズ,ドミニカ共和国,2
佐藤,千葉ロッテマリーンズ,福島,0
ソト,千葉ロッテマリーンズ,プエルトリコ,2
安田,千葉ロッテマリーンズ,大阪,1
髙部,千葉ロッテマリーンズ,埼玉,1
上田,千葉ロッテマリーンズ,愛知,1
小川,千葉ロッテマリーンズ,群馬,1
岡,千葉ロッテマリーンズ,岡山,1
中村奨,千葉ロッテマリーンズ,兵庫,1
田村,千葉ロッテマリーンズ,大阪,1
友杉,千葉ロッテマリーンズ,大阪,1
角中,千葉ロッテマリーンズ,石川,0
石垣,千葉ロッテマリーンズ,山形,0
寺地,千葉ロッテマリーンズ,高知,1
和田,千葉ロッテマリーンズ,埼玉,1
茶谷,千葉ロッテマリーンズ,神奈川,1
山本,千葉ロッテマリーンズ,鳥取,1
池田,千葉ロッテマリーンズ,千葉,1
石川慎,千葉ロッテマリーンズ,大阪,1
立松,千葉ロッテマリーンズ,千葉,1
宮崎,千葉ロッテマリーンズ,徳島,1
山口,千葉ロッテマリーンズ,大阪,1
愛斗,千葉ロッテマリーンズ,大阪,1
小島,千葉ロッテマリーンズ,埼玉,1
田中晴,千葉ロッテマリーンズ,新潟,0
ボス,千葉ロッテマリーンズ,アメリカ合衆国,2
木村,千葉ロッテマリーンズ,茨城,1
種市,千葉ロッテマリーンズ,青森,0
石川柊,千葉ロッテマリーンズ,東京,1
高野脩,千葉ロッテマリーンズ,島根,1
アセベド,千葉ロッテマリーンズ,ドミニカ共和国,2
松川,千葉ロッテマリーンズ,大阪,1
植田,千葉ロッテマリーンズ,大阪,1
村林,東北楽天ゴールデンイーグルス,大阪,1
小深田,東北楽天ゴールデンイーグルス,兵庫,1
浅村,東北楽天ゴールデンイーグルス,大阪,1
ゴンザレス,東北楽天ゴールデンイーグルス,ドミニカ共和国,2
渡邊佳,東北楽天ゴールデンイーグルス,神奈川,1
中島,東北楽天ゴールデンイーグルス,和歌山,1
宗山,東北楽天ゴールデンイーグルス,広島,1
辰己,東北楽天ゴールデンイーグルス,兵庫,1
武藤,東北楽天ゴールデンイーグルス,福岡,1
太田,東北楽天ゴールデンイーグルス,岡山,1
黒川,東北楽天ゴールデンイーグルス,奈良,1
伊藤,東北楽天ゴールデンイーグルス,三重,1
石原,東北楽天ゴールデンイーグルス,京都,1
小郷,東北楽天ゴールデンイーグルス,岡山,1
鈴木大,東北楽天ゴールデンイーグルス,静岡,1
長谷川,埼玉西武ライオンズ,京都,1
西川,埼玉西武ライオンズ,大阪,1
ネビン,埼玉西武ライオンズ,アメリカ合衆国,2
セデーニョ,埼玉西武ライオンズ,ベネズエラ,2
渡部聖,埼玉西武ライオンズ,広島,1
外崎,埼玉西武ライオンズ,青森,0
源田,埼玉西武ライオンズ,大分,1
古賀悠,埼玉西武ライオンズ,福岡,1
元山,埼玉西武ライオンズ,大阪,1
中村剛,埼玉西武ライオンズ,大阪,1
仲田,埼玉西武ライオンズ,福岡,1
牧野,埼玉西武ライオンズ,石川,0
滝澤,埼玉西武ライオンズ,新潟,0
野村大,埼玉西武ライオンズ,兵庫,1
炭谷,埼玉西武ライオンズ,京都,1
平沼,埼玉西武ライオンズ,福井,0
山野辺,埼玉西武ライオンズ,東京,1
岸,埼玉西武ライオンズ,兵庫,1
松原,埼玉西武ライオンズ,大阪,1
児玉,埼玉西武ライオンズ,熊本,1
栗山,埼玉西武ライオンズ,兵庫,1
モンテル,埼玉西武ライオンズ,沖縄,1
蛭間,埼玉西武ライオンズ,群馬,1
平沢,埼玉西武ライオンズ,宮城,0
山村,埼玉西武ライオンズ,神奈川,1
髙橋光,埼玉西武ライオンズ,群馬,1
今井,埼玉西武ライオンズ,栃木,1
武内,埼玉西武ライオンズ,福岡,1
髙松,埼玉西武ライオンズ,兵庫,1
隅田,埼玉西武ライオンズ,長崎,1
渡邉,埼玉西武ライオンズ,埼玉,1
與座,埼玉西武ライオンズ,沖縄,1
仲三河,埼玉西武ライオンズ,栃木,1
村田,埼玉西武ライオンズ,三重,1
デービス,埼玉西武ライオンズ,アメリカ合衆国,2
柘植,埼玉西武ライオンズ,群馬,1
佐藤太,埼玉西武ライオンズ,静岡,1
古市,埼玉西武ライオンズ,香川,1
古川,埼玉西武ライオンズ,大分,1
齋藤,埼玉西武ライオンズ,石川,0