日付,時刻,降水量(mm),気温(°C),露点温度(°C),蒸気圧(hPa),湿度(%),風速(m/s),風向,日照時間(h),全天日射量(MJ/㎡),天気,視程(km)
2025613,01:00,0.0,17.4,13.3,15.3,77,1.4,西南西,0.0,0.0,晴れ,20.0
2025613,02:00,0.0,17.0,13.0,14.9,77,1.8,北,0.0,0.0,晴れ,20.0
2025613,03:00,0.0,16.3,12.9,14.8,80,1.6,北,0.0,0.0,晴れ,20.0
2025613,04:00,0.0,16.0,12.6,14.5,80,1.7,北北西,0.0,0.00,晴れ,20.0
2025613,05:00,0.0,15.9,12.8,14.8,82,1.3,北北西,0.5,0.09,晴れ,20.0
2025613,06:00,0.0,16.6,13.1,15.1,80,1.9,北北西,1.0,0.54,晴れ,20.0
2025613,07:00,0.0,17.8,12.9,14.9,73,1.0,北,1.0,1.24,晴れ,20.0
2025613,08:00,0.0,20.2,12.9,14.9,63,1.5,東,1.0,1.95,晴れ,20.0
2025613,09:00,0.0,21.2,13.6,15.6,62,3.1,東南東,0.9,2.54,晴れ,20.0
2025613,10:00,0.0,21.4,13.6,15.5,61,4.1,南東,0.9,2.87,晴れ,20.0
2025613,11:00,0.0,20.4,14.3,16.3,68,4.0,東南東,1.0,3.53,晴れ,20.0
2025613,12:00,0.0,20.3,14.4,16.4,69,6.3,南東,1.0,3.47,晴れ,20.0
2025613,13:00,0.0,21.0,15.1,17.2,69,5.5,南東,0.9,3.35,晴れ,20.0
2025613,14:00,0.0,21.6,15.7,17.8,69,5.2,南東,1.0,3.19,晴れ,20.0
2025613,15:00,0.0,21.0,15.6,17.7,71,6.3,南東,0.9,2.56,晴れ,20.0
2025613,16:00,0.0,20.2,15.4,17.5,74,5.6,南東,0.7,1.57,晴れ,20.0
2025613,17:00,0.0,20.1,16.0,18.1,77,4.5,南東,0.5,0.95,晴れ,20.0
2025613,18:00,0.0,19.3,16.0,18.1,81,3.9,南東,0.0,0.36,曇,20.0
2025613,19:00,0.0,19.3,16.7,19.0,85,4.0,南東,0.0,0.07,晴れ,20.0
2025613,20:00,0.0,19.1,16.5,18.8,85,3.0,南南東,0.0,0.00,曇,20.0
2025613,21:00,0.0,19.4,16.6,18.9,84,3.4,南南東,0.0,0.0,曇,20.0
2025613,22:00,0.0,19.4,17.2,19.6,87,3.6,南南東,0.0,0.0,曇,20.0
2025613,23:00,0.0,18.4,17.1,19.5,92,1.9,南南東,0.0,0.0,曇,19.6
2025613,24:00,0.0,18.2,17.2,19.6,94,1.5,南東,0.0,0.0,曇,16.3
2025614,01:00,0.0,18.3,17.3,19.8,94,1.0,南東,0.0,0.0,曇,15.5
2025614,02:00,0.0,18.1,17.3,19.7,95,0.8,南南東,0.0,0.0,曇,13.9
2025614,03:00,0.0,17.8,17.2,19.6,96,1.3,南,0.0,0.0,曇,12.2
2025614,04:00,0.0,18.1,16.8,19.1,92,1.3,南,0.0,0.00,曇,16.1
2025614,05:00,0.0,18.4,16.7,19.0,90,0.9,南,0.0,0.02,曇,16.1
2025614,06:00,0.0,18.9,16.7,19.0,87,1.0,南東,0.0,0.10,曇,20.0
2025614,07:00,0.0,19.3,16.7,19.0,85,1.3,南南東,0.0,0.21,曇,20.0
2025614,08:00,0.0,19.6,16.5,18.7,82,1.3,南南東,0.0,0.37,曇,20.0
2025614,09:00,0.0,20.2,16.7,18.9,80,2.0,南東,0.0,0.40,曇,20.0
2025614,10:00,0.0,20.5,17.1,19.5,81,1.4,東南東,0.0,0.42,曇,19.4
2025614,11:00,0.0,20.6,18.4,21.1,87,1.3,南東,0.0,0.36,雨,11.8
2025614,12:00,0.0,21.4,19.5,22.7,89,2.3,南東,0.0,0.69,雨,10.6
2025614,13:00,0.0,21.0,19.3,22.4,90,2.2,南南東,0.0,0.91,雨,7.70
2025614,14:00,0.5,21.2,19.9,23.2,92,1.8,南東,0.0,0.64,雨,8.11
2025614,15:00,0.5,20.8,19.5,22.6,92,3.5,南南東,0.0,0.79,雨,8.38
2025614,16:00,0.0,20.2,19.2,22.3,94,4.0,南東,0.0,0.45,雨,7.12
2025614,17:00,1.5,19.7,19.2,22.3,97,7.8,南南東,0.0,0.15,雨,4.32
2025614,18:00,1.0,19.0,18.5,21.3,97,7.4,南南東,0.0,0.08,雨,7.07
2025614,19:00,1.0,18.6,18.4,21.2,99,6.5,南南東,0.0,0.02,雨,4.90
2025614,20:00,3.0,18.8,18.6,21.5,99,5.7,南南東,0.0,0.00,雨,2.76
2025614,21:00,5.5,18.9,18.9,21.8,100,6.2,南南東,0.0,0.0,雨,1.57
2025614,22:00,5.5,18.7,18.7,21.6,100,6.2,南,0.0,0.0,雨,3.18
2025614,23:00,2.5,18.5,18.3,21.1,99,6.0,南,0.0,0.0,雨,5.59
2025614,24:00,1.0,18.3,18.3,21.0,100,5.6,南,0.0,0.0,雨,3.08
2025615,01:00,1.5,18.3,18.3,21.0,100,3.5,南南東,0.0,0.0,雨,3.53
2025615,02:00,1.5,18.5,18.5,21.3,100,3.3,南南東,0.0,0.0,雨,2.57
2025615,03:00,1.5,18.4,18.4,21.2,100,3.3,南南東,0.0,0.0,雨,4.40
2025615,04:00,0.0,18.1,18.1,20.8,100,1.3,南,0.0,0.00,雨,7.09
2025615,05:00,0.0,18.8,18.8,21.7,100,1.8,北北西,0.0,0.07,曇,18.7
2025615,06:00,0.0,19.4,18.9,21.9,97,0.8,西北西,0.0,0.18,曇,20.0
2025615,07:00,0.0,19.9,19.3,22.3,96,2.0,北,0.0,0.31,曇,20.0
2025615,08:00,0.0,20.5,19.3,22.4,93,2.7,北北西,0.0,0.55,曇,20.0
2025615,09:00,0.0,21.8,19.6,22.7,87,2.4,北,0.3,1.53,曇,20.0
2025615,10:00,0.0,23.5,19.2,22.3,77,0.5,北北西,0.6,2.51,曇,20.0
2025615,11:00,0.0,26.1,21.3,25.4,75,1.9,南,1.0,3.24,晴れ,20.0
2025615,12:00,0.0,27.6,22.3,27.0,73,2.4,南東,0.6,2.64,曇,20.0
2025615,13:00,0.0,26.3,21.1,25.0,73,3.1,南東,0.8,3.08,晴れ,20.0
2025615,14:00,0.0,26.4,21.0,24.8,72,1.7,東南東,0.3,1.82,晴れ,20.0
2025615,15:00,0.0,26.9,21.2,25.2,71,3.5,南東,0.8,2.36,晴れ,20.0
2025615,16:00,0.0,26.2,20.8,24.5,72,2.4,南東,0.9,1.90,晴れ,20.0
2025615,17:00,0.0,25.3,20.8,24.5,76,3.3,南南東,0.4,0.88,晴れ,20.0
2025615,18:00,0.0,23.7,19.9,23.2,79,2.8,南東,0.4,0.48,晴れ,20.0
2025615,19:00,0.0,22.8,20.0,23.3,84,1.3,東南東,0.4,0.14,晴れ,20.0
2025615,20:00,0.0,22.4,19.8,23.0,85,1.8,東南東,0.0,0.00,晴れ,20.0
2025615,21:00,0.0,21.7,19.8,23.1,89,1.1,南南東,0.0,0.0,晴れ,20.0
2025615,22:00,0.0,21.6,19.7,23.0,89,1.0,西,0.0,0.0,晴れ,20.0
2025615,23:00,0.0,22.5,20.1,23.4,86,1.8,北北西,0.0,0.0,晴れ,20.0
2025615,24:00,0.0,22.3,19.9,23.2,86,2.8,北北西,0.0,0.0,晴れ,20.0
