matchID,時間帯
2025328,18 - 21
2025329,14 - 17
2025330,13 - 16
202542,18 - 21
202543,18 - 20
202544,18 - 21
202545,14 - 17
202546,13 - 16
202548,18 - 21
202549,18 - 20
2025410,18 - 21
2025411,18 - 21
2025412,14 - 16
2025413,13 - 16
2025415,18 - 21
2025416,18 - 20
2025418,18 - 21
2025419,14 - 17
2025420,14 - 17
2025423,18 - 21
2025425,18 - 20
2025426,14 - 16
2025427,14 - 16
2025429,14 - 17
2025430,18 - 20
202551,18 - 22
202552,18 - 21
202553,14 - 16
202554,13 - 16
202555,18 - 21
202557,18 - 21
202559,18 - 21
2025510,14 - 16
2025511,14 - 16
2025513,18 - 22
2025514,18 - 21
2025515,18 - 21
2025516,18 - 20
2025517,14 - 16
2025518,14 - 16
2025520,18 - 21
2025522,18 - 22
2025523,18 - 20
2025525,13 - 16
2025527,18 - 21
2025528,18 - 20
2025530,18 - 21
2025531,14 - 16
202561,13 - 16
202563,18 - 21
202564,18 - 20
202565,18 - 21
202566,18 - 20
202567,14 - 16
202568,13 - 16
2025610,18 - 20
2025611,18 - 22
2025612,18 - 20
2025613,18 - 21
2025614,14 - 16
2025615,13 - 16
2025617,18 - 20
2025618,18 - 21
2025619,18 - 21
2025620,18 - 21
2025621,14 - 17
2025622,13 - 16
2025627,18 - 21
2025628,14 - 17
2025629,13 - 16
202571,18 - 22
202572,18 - 20
202573,18 - 21
202574,18 - 20
202575,18 - 21
202576,14 - 17
202578,18 - 21
202579,18 - 22
2025710,18 - 21
2025711,18 - 21
2025712,14 - 16
2025713,13 - 16
2025715,18 - 20
2025716,18 - 21
2025717,18 - 22
2025719,18 - 20
2025720,18 - 21
2025721,18 - 21
2025726,18 - 21
2025727,18 - 22
2025729,18 - 20
2025730,18 - 21
2025731,18 - 21
202581,18 - 21
202582,18 - 20
202583,18 - 20
202585,17 - 21
202586,17 - 21
202587,17 - 21
202588,18 - 21
202589,14 - 17
2025810,13 - 16
2025812,18 - 21
2025813,18 - 20
2025815,18 - 20
2025816,18 - 21
2025817,18 - 21
2025819,18 - 21
2025820,18 - 21
2025821,18 - 20
2025822,18 - 22
2025823,18 - 20
2025824,18 - 21
2025826,18 - 20
2025827,19 - 21
2025828,18 - 21
2025829,18 - 20
2025830,18 - 20
2025831,17 - 20
202592,18 - 21
202593,18 - 21
202594,18 - 21
202595,18 - 20
202596,18 - 21
202597,18 - 21
202599,18 - 20
2025910,18 - 21
2025911,18 - 21
2025912,18 - 21
2025913,14 - 16
2025914,18 - 21
2025915,14 - 17
2025917,19 - 22
2025918,18 - 21
2025919,18 - 21
2025920,14 - 16
2025921,18 - 21
2025923,18 - 20
2025926,18 - 21
2025927,18 - 20
2025928,18 - 21
2025103,18 - 21
2025104,13 - 16
