"matchID,氏名,打数,安打,打率,打点"
"2025328,二俣,4,0,0.0,0"
"2025328,矢野,3,1,0.3333333333333333,0"
"2025328,小園,4,1,0.25,0"
"2025328,モンテロ,4,0,0.0,0"
"2025328,秋山,4,1,0.25,0"
"2025328,ファビアン,3,0,0.0,0"
"2025328,菊池,3,1,0.3333333333333333,0"
"2025328,森下,1,0,0.0,0"
"2025328,塹江,0,0,0,0"
"2025328,中﨑,0,0,0,0"
"2025328,野間,1,0,0.0,0"
"2025328,石原,0,0,0,0"
"2025328,會澤,2,0,0.0,0"
"2025328,田村,1,0,0.0,0"
"2025328,岡本,0,0,0,0"
"2025329,二俣,5,3,0.6,0"
"2025329,羽月,0,0,0,0"
"2025329,矢野,3,0,0.0,0"
"2025329,小園,3,2,0.6666666666666666,0"
"2025329,モンテロ,3,0,0.0,1"
"2025329,秋山,4,2,0.5,0"
"2025329,ファビアン,4,0,0.0,1"
"2025329,菊池,3,0,0.0,0"
"2025329,石原,3,1,0.3333333333333333,0"
"2025329,野間,1,0,0.0,0"
"2025329,會澤,0,0,0,0"
"2025329,床田,2,1,0.5,0"
"2025329,田村,1,0,0.0,0"
"2025329,森浦,0,0,0,0"
"2025329,島内,0,0,0,0"
"2025329,堂林,1,0,0.0,0"
"2025330,二俣,3,0,0.0,0"
"2025330,矢野,4,2,0.5,0"
"2025330,小園,3,2,0.6666666666666666,0"
"2025330,モンテロ,4,1,0.25,0"
"2025330,堂林,0,0,0,0"
"2025330,秋山,1,1,1.0,0"
"2025330,田村,2,2,1.0,1"
"2025330,ファビアン,4,1,0.25,0"
"2025330,栗林,0,0,0,0"
"2025330,菊池,3,0,0.0,1"
"2025330,石原,4,1,0.25,0"
"2025330,森,2,1,0.5,0"
"2025330,ハーン,0,0,0,0"
"2025330,大盛,0,0,0,0"
"202542,二俣,4,1,0.25,0"
"202542,大盛,1,1,1.0,0"
"202542,矢野,4,0,0.0,0"
"202542,小園,4,1,0.25,0"
"202542,堂林,4,1,0.25,0"
"202542,末包,5,2,0.4,2"
"202542,菊池,4,0,0.0,0"
"202542,ファビアン,3,1,0.3333333333333333,2"
"202542,會澤,3,0,0.0,0"
"202542,大瀬良,2,0,0.0,0"
"202542,島内,0,0,0,0"
"202542,野間,1,0,0.0,0"
"202542,森浦,0,0,0,0"
"202542,ハーン,0,0,0,0"
"202542,栗林,0,0,0,0"
"202542,田村,0,0,0,0"
"202542,羽月,0,0,0,0"
"202542,塹江,0,0,0,0"
"202543,二俣,4,0,0.0,0"
"202543,矢野,3,0,0.0,0"
"202543,田村,1,0,0.0,0"
"202543,小園,3,0,0.0,0"
"202543,堂林,3,0,0.0,0"
"202543,末包,3,0,0.0,0"
"202543,ファビアン,3,1,0.3333333333333333,0"
"202543,菊池,3,0,0.0,0"
"202543,石原,3,1,0.3333333333333333,0"
"202543,玉村,1,0,0.0,0"
"202543,林,1,0,0.0,0"
"202543,鈴木,0,0,0,0"
"202543,岡本,0,0,0,0"
"202543,野間,1,0,0.0,0"
"202544,二俣,4,1,0.25,1"
"202544,矢野,4,2,0.5,1"
"202544,小園,4,2,0.5,2"
"202544,堂林,4,1,0.25,1"
"202544,山足,0,0,0,0"
"202544,野間,4,1,0.25,2"
"202544,ファビアン,4,2,0.5,0"
"202544,大盛,0,0,0,0"
"202544,田村,5,2,0.4,1"
"202544,森下,3,0,0.0,0"
"202544,中﨑,0,0,0,0"
"202544,會澤,3,1,0.3333333333333333,0"
"202545,二俣,4,0,0.0,0"
"202545,矢野,5,0,0.0,1"
"202545,小園,4,1,0.25,0"
"202545,堂林,3,1,0.3333333333333333,0"
"202545,山足,1,0,0.0,0"
"202545,ファビアン,4,1,0.25,0"
"202545,大盛,1,0,0.0,0"
"202545,末包,5,2,0.4,3"
"202545,菊池,5,2,0.4,1"
"202545,石原,3,0,0.0,0"
"202545,野間,1,1,1.0,0"
"202545,羽月,0,0,0,0"
"202545,森浦,0,0,0,0"
"202545,田村,1,1,1.0,1"
"202545,床田,2,0,0.0,0"
"202545,磯村,1,0,0.0,0"
"202545,ハーン,0,0,0,0"
"202545,栗林,0,0,0,0"
"202545,塹江,0,0,0,0"
"202545,島内,0,0,0,0"
"202545,會澤,0,0,0,0"
"202546,野間,4,2,0.5,1"
"202546,矢野,4,1,0.25,1"
"202546,小園,4,2,0.5,0"
"202546,栗林,0,0,0,0"
"202546,田村,4,1,0.25,0"
"202546,山足,1,0,0.0,0"
"202546,末包,3,2,0.6666666666666666,1"
"202546,ファビアン,4,2,0.5,2"
"202546,ハーン,0,0,0,0"
"202546,二俣,0,0,0,0"
"202546,菊池,4,2,0.5,1"
"202546,石原,3,0,0.0,1"
"202546,森,2,0,0.0,0"
"202546,森浦,0,0,0,0"
"202546,堂林,1,0,0.0,0"
"202546,島内,0,0,0,0"
"202546,大盛,1,1,1.0,0"
"202548,二俣,4,0,0.0,0"
"202548,矢野,4,2,0.5,0"
"202548,小園,5,1,0.2,0"
"202548,堂林,4,0,0.0,0"
"202548,末包,5,1,0.2,1"
"202548,ファビアン,5,0,0.0,0"
"202548,大盛,0,0,0,0"
"202548,菊池,5,1,0.2,0"
"202548,石原,3,0,0.0,0"
"202548,ドミンゲス,2,0,0.0,0"
"202548,島内,0,0,0,0"
"202548,野間,0,0,0,0"
"202548,ハーン,0,0,0,0"
"202548,栗林,0,0,0,0"
"202548,林,1,0,0.0,0"
"202548,塹江,0,0,0,0"
"202548,森浦,0,0,0,0"
"202548,岡本,0,0,0,0"
"202549,田村,4,1,0.25,0"
"202549,矢野,3,0,0.0,0"
"202549,小園,3,2,0.6666666666666666,0"
"202549,末包,4,0,0.0,1"
"202549,野間,4,1,0.25,0"
"202549,ファビアン,3,1,0.3333333333333333,0"
"202549,菊池,4,2,0.5,0"
"202549,羽月,0,0,0,0"
"202549,大瀬良,2,0,0.0,0"
"202549,林,1,0,0.0,0"
"202549,石原,1,0,0.0,0"
"202549,會澤,3,0,0.0,0"
"202549,中村奨,0,0,0,0"
"202549,鈴木,0,0,0,0"
"202549,ハーン,0,0,0,0"
"202549,堂林,1,0,0.0,0"
"2025410,二俣,4,0,0.0,0"
"2025410,野間,1,1,1.0,1"
"2025410,矢野,5,1,0.2,0"
"2025410,小園,5,1,0.2,0"
"2025410,末包,4,1,0.25,0"
"2025410,ファビアン,4,0,0.0,0"
"2025410,大盛,0,0,0,0"
"2025410,菊池,4,1,0.25,1"
"2025410,田村,4,1,0.25,0"
"2025410,塹江,0,0,0,0"
"2025410,石原,4,2,0.5,0"
"2025410,羽月,0,0,0,0"
"2025410,會澤,0,0,0,0"
"2025410,玉村,2,0,0.0,0"
"2025410,林,1,0,0.0,0"
"2025410,島内,0,0,0,0"
"2025410,森浦,0,0,0,0"
"2025410,栗林,0,0,0,0"
"2025410,山足,0,0,0,0"
"2025411,田村,3,2,0.6666666666666666,1"
"2025411,矢野,5,1,0.2,0"
"2025411,小園,5,2,0.4,4"
"2025411,末包,4,2,0.5,2"
"2025411,野間,4,2,0.5,1"
"2025411,大盛,1,0,0.0,0"
"2025411,ファビアン,4,2,0.5,0"
"2025411,中村奨,1,1,1.0,0"
"2025411,菊池,3,1,0.3333333333333333,2"
"2025411,二俣,1,0,0.0,0"
"2025411,森下,2,0,0.0,0"
"2025411,林,1,1,1.0,0"
"2025411,中﨑,0,0,0,0"
"2025411,鈴木,0,0,0,0"
"2025411,山足,1,0,0.0,0"
"2025411,岡本,0,0,0,0"
"2025411,會澤,2,1,0.5,1"
"2025411,磯村,2,0,0.0,0"
"2025412,田村,4,2,0.5,0"
"2025412,堂林,0,0,0,0"
"2025412,矢野,3,0,0.0,1"
"2025412,小園,4,3,0.75,0"
"2025412,羽月,0,0,0,0"
"2025412,二俣,0,0,0,0"
"2025412,末包,4,1,0.25,0"
"2025412,野間,3,0,0.0,0"
"2025412,ファビアン,4,1,0.25,0"
"2025412,大盛,0,0,0,0"
"2025412,菊池,3,1,0.3333333333333333,0"
"2025412,床田,3,1,0.3333333333333333,0"
"2025412,石原,3,0,0.0,0"
"2025413,二俣,4,1,0.25,0"
"2025413,矢野,2,1,0.5,0"
"2025413,小園,4,3,0.75,1"
"2025413,末包,4,2,0.5,1"
"2025413,ファビアン,3,2,0.6666666666666666,1"
"2025413,大盛,0,0,0,0"
"2025413,菊池,3,0,0.0,0"
"2025413,田村,3,0,0.0,0"
"2025413,島内,0,0,0,0"
"2025413,森浦,0,0,0,0"
"2025413,ハーン,0,0,0,0"
"2025413,林,1,0,0.0,0"
"2025413,羽月,0,0,0,0"
"2025413,栗林,0,0,0,0"
"2025413,石原,3,0,0.0,0"
"2025413,森,2,1,0.5,0"
"2025413,堂林,2,0,0.0,0"
"2025415,二俣,5,1,0.2,1"
"2025415,矢野,4,2,0.5,0"
"2025415,小園,4,2,0.5,0"
"2025415,末包,4,3,0.75,3"
"2025415,ファビアン,4,1,0.25,1"
"2025415,鈴木,0,0,0,0"
"2025415,岡本,0,0,0,0"
"2025415,野間,3,2,0.6666666666666666,1"
"2025415,菊池,3,0,0.0,0"
"2025415,石原,4,1,0.25,1"
"2025415,ドミンゲス,2,0,0.0,0"
"2025415,塹江,0,0,0,0"
"2025415,林,1,0,0.0,0"
"2025415,中﨑,0,0,0,0"
"2025415,大盛,1,0,0.0,0"
"2025416,二俣,4,1,0.25,0"
"2025416,塹江,0,0,0,0"
"2025416,矢野,4,1,0.25,0"
"2025416,小園,4,0,0.0,0"
"2025416,末包,4,1,0.25,0"
"2025416,ファビアン,3,0,0.0,0"
"2025416,田村,2,0,0.0,0"
"2025416,菊池,3,0,0.0,0"
"2025416,會澤,2,1,0.5,0"
"2025416,野間,1,1,1.0,0"
"2025416,大瀬良,2,0,0.0,0"
"2025416,林,1,0,0.0,0"
"2025416,石原,0,0,0,0"
"2025418,二俣,4,1,0.25,0"
"2025418,矢野,1,0,0.0,1"
"2025418,小園,5,2,0.4,0"
"2025418,末包,5,1,0.2,2"
"2025418,野間,5,1,0.2,0"
"2025418,ファビアン,4,2,0.5,0"
"2025418,大盛,0,0,0,0"
"2025418,菊池,4,1,0.25,2"
"2025418,會澤,2,1,0.5,0"
"2025418,森下,3,0,0.0,0"
"2025419,矢野,4,1,0.25,1"
"2025419,羽月,3,1,0.3333333333333333,2"
"2025419,二俣,1,0,0.0,0"
"2025419,小園,3,0,0.0,0"
"2025419,末包,3,0,0.0,0"
"2025419,野間,3,0,0.0,0"
"2025419,ファビアン,4,0,0.0,0"
"2025419,大盛,0,0,0,0"
"2025419,田村,4,1,0.25,0"
"2025419,菊池,0,0,0,0"
"2025419,石原,4,2,0.5,0"
"2025419,床田,3,1,0.3333333333333333,0"
"2025419,ハーン,0,0,0,0"
"2025419,中村奨,1,0,0.0,0"
"2025419,栗林,0,0,0,0"
"2025420,二俣,3,0,0.0,0"
"2025420,野間,1,0,0.0,0"
"2025420,塹江,0,0,0,0"
"2025420,岡本,0,0,0,0"
"2025420,島内,0,0,0,0"
"2025420,矢野,4,0,0.0,0"
"2025420,小園,4,0,0.0,0"
"2025420,末包,4,1,0.25,0"
"2025420,ファビアン,4,1,0.25,0"
"2025420,中村奨,4,2,0.5,0"
"2025420,菊池,4,2,0.5,1"
"2025420,石原,4,1,0.25,0"
"2025420,森,1,0,0.0,0"
"2025420,田村,1,0,0.0,0"
"2025420,鈴木,0,0,0,0"
"2025420,中﨑,0,0,0,0"
"2025420,堂林,1,1,1.0,0"
"2025423,中村奨,4,3,0.75,0"
"2025423,矢野,4,1,0.25,0"
"2025423,小園,3,2,0.6666666666666666,2"
"2025423,末包,4,2,0.5,1"
"2025423,ファビアン,5,3,0.6,3"
"2025423,岡本,0,0,0,0"
"2025423,堂林,4,1,0.25,1"
"2025423,菊池,3,0,0.0,0"
"2025423,羽月,0,0,0,0"
"2025423,山足,0,0,0,0"
"2025423,會澤,3,0,0.0,0"
"2025423,大瀬良,3,0,0.0,0"
"2025423,森浦,0,0,0,0"
"2025423,林,1,1,1.0,0"
"2025423,大盛,0,0,0,0"
"2025425,中村奨,3,0,0.0,0"
"2025425,田村,1,0,0.0,0"
"2025425,矢野,4,0,0.0,0"
"2025425,小園,4,0,0.0,0"
"2025425,末包,3,1,0.3333333333333333,1"
"2025425,ファビアン,4,1,0.25,0"
"2025425,堂林,4,0,0.0,0"
"2025425,菊池,4,2,0.5,0"
"2025425,會澤,2,0,0.0,0"
"2025425,森下,3,0,0.0,0"
"2025425,島内,0,0,0,0"
"2025426,中村奨,4,1,0.25,0"
"2025426,矢野,3,1,0.3333333333333333,0"
"2025426,磯村,1,0,0.0,0"
"2025426,小園,4,0,0.0,0"
"2025426,末包,4,0,0.0,0"
"2025426,ファビアン,4,2,0.5,0"
"2025426,二俣,3,1,0.3333333333333333,0"
"2025426,菊池,3,0,0.0,0"
"2025426,野間,1,1,1.0,0"
"2025426,石原,3,0,0.0,0"
"2025426,田村,1,1,1.0,0"
"2025426,大盛,0,0,0,0"
"2025426,床田,3,3,1.0,0"
"2025426,山足,0,0,0,0"
"2025427,田村,4,0,0.0,0"
"2025427,會澤,0,0,0,0"
"2025427,羽月,2,0,0.0,0"
"2025427,小園,4,1,0.25,0"
"2025427,末包,3,0,0.0,0"
"2025427,ファビアン,4,0,0.0,0"
"2025427,矢野,3,0,0.0,0"
"2025427,林,3,0,0.0,0"
"2025427,石原,2,0,0.0,0"
"2025427,野間,1,0,0.0,0"
"2025427,玉村,2,0,0.0,0"
"2025427,中村奨,1,1,1.0,0"
"2025427,塹江,0,0,0,0"
"2025429,中村奨,5,0,0.0,0"
"2025429,二俣,5,1,0.2,0"
"2025429,小園,5,1,0.2,0"
"2025429,堂林,0,0,0,0"
"2025429,末包,5,2,0.4,3"
"2025429,ファビアン,4,0,0.0,0"
"2025429,栗林,0,0,0,0"
"2025429,塹江,0,0,0,0"
"2025429,島内,0,0,0,0"
"2025429,野間,1,0,0.0,0"
"2025429,中﨑,0,0,0,0"
"2025429,菊池,5,1,0.2,0"
"2025429,田村,3,1,0.3333333333333333,0"
"2025429,矢野,2,1,0.5,0"
"2025429,石原,3,0,0.0,0"
"2025429,森,2,0,0.0,0"
"2025429,森浦,0,0,0,0"
"2025429,坂倉,1,0,0.0,0"
"2025429,ハーン,0,0,0,0"
"2025429,大盛,1,0,0.0,0"
"2025430,田村,4,0,0.0,0"
"2025430,矢野,3,1,0.3333333333333333,0"
"2025430,小園,4,0,0.0,0"
"2025430,末包,4,0,0.0,0"
"2025430,野間,4,1,0.25,0"
"2025430,ファビアン,4,2,0.5,0"
"2025430,菊池,3,1,0.3333333333333333,0"
"2025430,會澤,2,0,0.0,0"
"2025430,坂倉,1,0,0.0,0"
"2025430,大瀬良,2,0,0.0,0"
"2025430,堂林,1,0,0.0,0"
"2025430,岡本,0,0,0,0"
"2025430,鈴木,0,0,0,0"
"202551,小園,6,1,0.16666666666666666,0"
"202551,二俣,0,0,0,0"
"202551,矢野,6,1,0.16666666666666666,0"
"202551,野間,6,4,0.6666666666666666,0"
"202551,末包,6,3,0.5,0"
"202551,坂倉,5,2,0.4,1"
"202551,ファビアン,6,1,0.16666666666666666,1"
"202551,栗林,0,0,0,0"
"202551,岡本,0,0,0,0"
"202551,菊池,5,3,0.6,1"
"202551,田村,3,0,0.0,0"
"202551,山足,0,0,0,0"
"202551,ドミンゲス,3,0,0.0,0"
"202551,森浦,0,0,0,0"
"202551,島内,0,0,0,0"
"202551,中村奨,1,0,0.0,0"
"202551,ハーン,0,0,0,0"
"202551,中﨑,0,0,0,0"
"202551,堂林,1,1,1.0,0"
"202551,羽月,0,0,0,0"
"202551,塹江,0,0,0,0"
"202551,大盛,1,0,0.0,0"
"202552,小園,4,0,0.0,0"
"202552,羽月,3,1,0.3333333333333333,0"
"202552,二俣,0,0,0,0"
"202552,野間,4,0,0.0,0"
"202552,末包,3,0,0.0,0"
"202552,坂倉,4,1,0.25,1"
"202552,ファビアン,4,3,0.75,0"
"202552,堂林,4,1,0.25,1"
"202552,矢野,2,0,0.0,0"
"202552,中村奨,0,0,0,0"
"202552,斉藤,0,0,0,0"
"202552,森下,2,0,0.0,0"
"202552,中﨑,0,0,0,0"
"202552,鈴木,0,0,0,0"
"202552,菊池,1,0,0.0,0"
"202553,中村奨,4,1,0.25,1"
"202553,菊池,4,0,0.0,0"
"202553,小園,3,0,0.0,0"
"202553,二俣,0,0,0,0"
"202553,末包,3,1,0.3333333333333333,1"
"202553,坂倉,3,0,0.0,0"
"202553,ファビアン,3,1,0.3333333333333333,0"
"202553,大盛,0,0,0,0"
"202553,堂林,3,2,0.6666666666666666,0"
"202553,矢野,2,0,0.0,0"
"202553,床田,3,0,0.0,0"
"202554,中村奨,4,0,0.0,0"
"202554,菊池,4,1,0.25,0"
"202554,ファビアン,4,2,0.5,2"
"202554,大盛,1,0,0.0,0"
"202554,末包,5,3,0.6,2"
"202554,坂倉,5,3,0.6,0"
"202554,堂林,5,1,0.2,0"
"202554,山足,4,1,0.25,1"
"202554,矢野,2,0,0.0,0"
"202554,玉村,1,1,1.0,2"
"202554,中﨑,0,0,0,0"
"202554,磯村,1,0,0.0,0"
"202554,島内,0,0,0,0"
"202554,塹江,0,0,0,0"
"202554,野間,1,1,1.0,2"
"202554,森浦,0,0,0,0"
"202554,栗林,0,0,0,0"
"202555,野間,4,1,0.25,0"
"202555,大盛,0,0,0,0"
"202555,羽月,4,2,0.5,0"
"202555,森浦,0,0,0,0"
"202555,二俣,1,1,1.0,0"
"202555,ファビアン,5,3,0.6,1"
"202555,塹江,0,0,0,0"
"202555,栗林,0,0,0,0"
"202555,末包,5,1,0.2,2"
"202555,坂倉,5,1,0.2,0"
"202555,小園,3,1,0.3333333333333333,0"
"202555,田村,3,0,0.0,0"
"202555,島内,0,0,0,0"
"202555,菊池,1,1,1.0,1"
"202555,矢野,2,1,0.5,0"
"202555,高橋,1,0,0.0,0"
"202555,磯村,1,0,0.0,0"
"202555,鈴木,0,0,0,0"
"202555,堂林,2,0,0.0,0"
"202557,中村奨,3,2,0.6666666666666666,1"
"202557,野間,2,1,0.5,1"
"202557,菊池,5,2,0.4,1"
"202557,ファビアン,5,2,0.4,1"
"202557,栗林,0,0,0,0"
"202557,末包,4,1,0.25,0"
"202557,坂倉,4,1,0.25,0"
"202557,小園,2,0,0.0,0"
"202557,二俣,4,0,0.0,0"
"202557,矢野,1,0,0.0,0"
"202557,磯村,1,0,0.0,0"
"202557,塹江,0,0,0,0"
"202557,森浦,0,0,0,0"
"202557,島内,0,0,0,0"
"202557,羽月,1,0,0.0,0"
"202557,大盛,0,0,0,0"
"202557,大瀬良,1,0,0.0,0"
"202557,堂林,1,1,1.0,1"
"202559,中村奨,4,3,0.75,0"
"202559,羽月,0,0,0,0"
"202559,大盛,1,0,0.0,0"
"202559,菊池,4,1,0.25,0"
"202559,ファビアン,5,2,0.4,1"
"202559,末包,5,1,0.2,2"
"202559,坂倉,4,0,0.0,0"
"202559,小園,4,1,0.25,0"
"202559,矢野,3,1,0.3333333333333333,0"
"202559,田村,3,0,0.0,0"
"202559,堂林,1,0,0.0,0"
"202559,森下,3,1,0.3333333333333333,0"
"202559,野間,1,0,0.0,0"
"202559,栗林,0,0,0,0"
"202559,森浦,0,0,0,0"
"2025510,中村奨,5,2,0.4,1"
"2025510,菊池,4,1,0.25,0"
"2025510,ファビアン,4,3,0.75,3"
"2025510,末包,4,1,0.25,1"
"2025510,坂倉,4,1,0.25,0"
"2025510,小園,4,0,0.0,0"
"2025510,堂林,4,1,0.25,0"
"2025510,矢野,4,0,0.0,0"
"2025510,床田,3,1,0.3333333333333333,0"
"2025510,島内,0,0,0,0"
"2025510,森浦,0,0,0,0"
"2025510,野間,1,1,1.0,0"
"2025510,栗林,0,0,0,0"
"2025511,中村奨,5,2,0.4,0"
"2025511,岡本,0,0,0,0"
"2025511,菊池,5,1,0.2,0"
"2025511,ファビアン,4,1,0.25,0"
"2025511,末包,2,0,0.0,0"
"2025511,坂倉,5,2,0.4,0"
"2025511,小園,4,3,0.75,2"
"2025511,堂林,4,0,0.0,0"
"2025511,山足,2,0,0.0,0"
"2025511,羽月,0,0,0,0"
"2025511,玉村,1,0,0.0,0"
"2025511,二俣,1,0,0.0,0"
"2025511,鈴木,0,0,0,0"
"2025511,田村,1,1,1.0,0"
"2025511,ハーン,0,0,0,0"
"2025511,中﨑,0,0,0,0"
"2025511,野間,1,0,0.0,0"
"2025513,中村奨,6,2,0.3333333333333333,1"
"2025513,岡本,0,0,0,0"
"2025513,菊池,4,2,0.5,0"
"2025513,ファビアン,6,2,0.3333333333333333,0"
"2025513,大盛,0,0,0,0"
"2025513,末包,5,3,0.6,1"
"2025513,羽月,0,0,0,0"
"2025513,坂倉,4,2,0.5,1"
"2025513,小園,6,2,0.3333333333333333,1"
"2025513,山足,0,0,0,0"
"2025513,モンテロ,6,2,0.3333333333333333,1"
"2025513,矢野,5,0,0.0,0"
"2025513,森,2,0,0.0,0"
"2025513,森浦,0,0,0,0"
"2025513,秋山,1,0,0.0,0"
"2025513,島内,0,0,0,0"
"2025513,ハーン,0,0,0,0"
"2025513,二俣,1,0,0.0,0"
"2025513,栗林,0,0,0,0"
"2025513,中﨑,0,0,0,0"
"2025513,塹江,0,0,0,0"
"2025513,野間,1,0,0.0,0"
"2025514,中村奨,4,0,0.0,0"
"2025514,菊池,4,1,0.25,0"
"2025514,ファビアン,4,2,0.5,1"
"2025514,大盛,0,0,0,0"
"2025514,末包,1,0,0.0,0"
"2025514,羽月,0,0,0,0"
"2025514,ハーン,0,0,0,0"
"2025514,坂倉,3,1,0.3333333333333333,1"
"2025514,小園,4,1,0.25,0"
"2025514,モンテロ,2,0,0.0,0"
"2025514,矢野,3,1,0.3333333333333333,1"
"2025514,大瀬良,2,1,0.5,0"
"2025514,秋山,1,0,0.0,0"
"2025514,栗林,0,0,0,0"
"2025514,二俣,1,0,0.0,0"
"2025515,中村奨,4,0,0.0,0"
"2025515,菊池,4,2,0.5,0"
"2025515,ファビアン,3,1,0.3333333333333333,0"
"2025515,羽月,0,0,0,0"
"2025515,大盛,0,0,0,0"
"2025515,末包,4,0,0.0,0"
"2025515,坂倉,2,1,0.5,0"
"2025515,小園,4,1,0.25,4"
"2025515,モンテロ,3,1,0.3333333333333333,0"
"2025515,矢野,2,0,0.0,1"
"2025515,ドミンゲス,1,0,0.0,0"
"2025515,中﨑,0,0,0,0"
"2025515,秋山,1,1,1.0,0"
"2025515,鈴木,0,0,0,0"
"2025515,塹江,0,0,0,0"
"2025515,堂林,1,0,0.0,0"
"2025515,島内,0,0,0,0"
"2025515,野間,1,0,0.0,0"
"2025515,森浦,0,0,0,0"
"2025516,秋山,4,3,0.75,1"
"2025516,二俣,0,0,0,0"
"2025516,菊池,4,0,0.0,0"
"2025516,ファビアン,4,1,0.25,0"
"2025516,末包,3,1,0.3333333333333333,0"
"2025516,大盛,0,0,0,0"
"2025516,坂倉,3,1,0.3333333333333333,1"
"2025516,小園,4,0,0.0,0"
"2025516,モンテロ,4,1,0.25,1"
"2025516,矢野,4,1,0.25,1"
"2025516,森下,2,0,0.0,0"
"2025516,中村奨,1,0,0.0,0"
"2025516,ハーン,0,0,0,0"
"2025516,野間,1,0,0.0,0"
"2025516,栗林,0,0,0,0"
"2025517,中村奨,4,1,0.25,0"
"2025517,菊池,4,0,0.0,0"
"2025517,ファビアン,4,2,0.5,0"
"2025517,末包,4,0,0.0,0"
"2025517,坂倉,3,1,0.3333333333333333,0"
"2025517,小園,3,0,0.0,0"
"2025517,モンテロ,3,1,0.3333333333333333,2"
"2025517,矢野,2,0,0.0,0"
"2025517,二俣,1,0,0.0,0"
"2025517,床田,1,0,0.0,0"
"2025517,堂林,1,0,0.0,0"
"2025517,岡本,0,0,0,0"
"2025517,鈴木,0,0,0,0"
"2025517,野間,1,0,0.0,0"
"2025517,塹江,0,0,0,0"
"2025518,中村奨,4,1,0.25,0"
"2025518,中﨑,0,0,0,0"
"2025518,菊池,3,1,0.3333333333333333,0"
"2025518,ファビアン,4,1,0.25,0"
"2025518,末包,3,0,0.0,1"
"2025518,坂倉,3,0,0.0,0"
"2025518,モンテロ,3,0,0.0,0"
"2025518,小園,3,1,0.3333333333333333,0"
"2025518,矢野,2,0,0.0,0"
"2025518,野間,1,0,0.0,0"
"2025518,玉村,2,0,0.0,0"
"2025518,森浦,0,0,0,0"
"2025518,島内,0,0,0,0"
"2025518,堂林,1,0,0.0,0"
"2025518,二俣,0,0,0,0"
"2025520,秋山,4,0,0.0,0"
"2025520,小園,4,0,0.0,0"
"2025520,栗林,0,0,0,0"
"2025520,大盛,0,0,0,0"
"2025520,ファビアン,3,1,0.3333333333333333,1"
"2025520,ハーン,0,0,0,0"
"2025520,末包,4,2,0.5,0"
"2025520,坂倉,3,0,0.0,0"
"2025520,モンテロ,3,2,0.6666666666666666,1"
"2025520,佐々木,3,0,0.0,0"
"2025520,矢野,3,1,0.3333333333333333,1"
"2025520,森,0,0,0,0"
"2025520,岡本,0,0,0,0"
"2025520,中村奨,1,0,0.0,0"
"2025520,中﨑,0,0,0,0"
"2025520,森浦,0,0,0,0"
"2025520,菊池,1,0,0.0,0"
"2025522,秋山,5,0,0.0,0"
"2025522,菊池,5,1,0.2,0"
"2025522,ファビアン,6,0,0.0,0"
"2025522,末包,4,1,0.25,0"
"2025522,坂倉,4,2,0.5,1"
"2025522,羽月,0,0,0,0"
"2025522,石原,1,1,1.0,0"
"2025522,大盛,0,0,0,0"
"2025522,會澤,0,0,0,0"
"2025522,モンテロ,4,1,0.25,1"
"2025522,堂林,0,0,0,0"
"2025522,佐々木,5,2,0.4,0"
"2025522,矢野,4,1,0.25,0"
"2025522,大瀬良,2,0,0.0,0"
"2025522,中﨑,0,0,0,0"
"2025522,島内,0,0,0,0"
"2025522,小園,1,0,0.0,0"
"2025522,岡本,0,0,0,0"
"2025522,塹江,0,0,0,0"
"2025522,ハーン,0,0,0,0"
"2025522,中村奨,1,0,0.0,0"
"2025522,栗林,0,0,0,0"
"2025522,森浦,0,0,0,0"
"2025522,野間,1,0,0.0,0"
"2025522,ドミンゲス,0,0,0,0"
"2025523,秋山,4,2,0.5,0"
"2025523,小園,4,0,0.0,0"
"2025523,ファビアン,4,1,0.25,0"
"2025523,末包,3,0,0.0,0"
"2025523,坂倉,3,1,0.3333333333333333,0"
"2025523,モンテロ,3,0,0.0,0"
"2025523,佐々木,3,0,0.0,0"
"2025523,矢野,2,0,0.0,0"
"2025523,野間,1,0,0.0,0"
"2025523,森浦,0,0,0,0"
"2025523,森下,1,0,0.0,0"
"2025523,中村奨,1,0,0.0,0"
"2025523,塹江,0,0,0,0"
"2025523,島内,0,0,0,0"
"2025523,上本,1,0,0.0,0"
"2025525,中村奨,3,0,0.0,0"
"2025525,菊池,4,2,0.5,0"
"2025525,ファビアン,4,1,0.25,2"
"2025525,大盛,0,0,0,0"
"2025525,末包,3,0,0.0,0"
"2025525,坂倉,4,1,0.25,1"
"2025525,モンテロ,4,2,0.5,0"
"2025525,小園,3,0,0.0,0"
"2025525,矢野,0,0,0,0"
"2025525,佐々木,3,1,0.3333333333333333,0"
"2025525,床田,3,0,0.0,0"
"2025527,秋山,3,1,0.3333333333333333,0"
"2025527,大盛,0,0,0,0"
"2025527,菊池,4,0,0.0,0"
"2025527,ファビアン,4,1,0.25,0"
"2025527,末包,4,1,0.25,0"
"2025527,坂倉,4,1,0.25,0"
"2025527,モンテロ,3,2,0.6666666666666666,0"
"2025527,羽月,0,0,0,0"
"2025527,矢野,0,0,0,0"
"2025527,小園,4,1,0.25,2"
"2025527,栗林,0,0,0,0"
"2025527,佐々木,3,1,0.3333333333333333,0"
"2025527,玉村,2,0,0.0,0"
"2025527,塹江,0,0,0,0"
"2025527,中﨑,0,0,0,0"
"2025527,上本,1,0,0.0,0"
"2025527,森浦,0,0,0,0"
"2025527,ハーン,0,0,0,0"
"2025527,堂林,0,0,0,0"
"2025528,野間,5,1,0.2,0"
"2025528,小園,4,2,0.5,0"
"2025528,ファビアン,3,1,0.3333333333333333,0"
"2025528,末包,2,0,0.0,0"
"2025528,坂倉,3,1,0.3333333333333333,1"
"2025528,モンテロ,4,0,0.0,0"
"2025528,菊池,3,0,0.0,0"
"2025528,大盛,1,0,0.0,0"
"2025528,矢野,4,2,0.5,0"
"2025528,大瀬良,2,0,0.0,0"
"2025528,秋山,1,0,0.0,0"
"2025528,岡本,0,0,0,0"
"2025528,塹江,0,0,0,0"
"2025528,鈴木,0,0,0,0"
"2025528,佐々木,1,1,1.0,0"
"2025530,秋山,4,0,0.0,0"
"2025530,鈴木,0,0,0,0"
"2025530,塹江,0,0,0,0"
"2025530,小園,3,0,0.0,0"
"2025530,ファビアン,3,0,0.0,0"
"2025530,中村奨,1,1,1.0,0"
"2025530,末包,4,0,0.0,0"
"2025530,坂倉,3,2,0.6666666666666666,0"
"2025530,モンテロ,4,2,0.5,2"
"2025530,佐々木,4,0,0.0,0"
"2025530,矢野,3,0,0.0,0"
"2025530,森下,2,0,0.0,0"
"2025530,野間,1,0,0.0,0"
"2025531,中村奨,3,1,0.3333333333333333,0"
"2025531,野間,1,0,0.0,0"
"2025531,菊池,3,1,0.3333333333333333,0"
"2025531,ファビアン,4,0,0.0,0"
"2025531,末包,4,0,0.0,0"
"2025531,モンテロ,4,1,0.25,0"
"2025531,小園,4,1,0.25,0"
"2025531,石原,3,0,0.0,0"
"2025531,矢野,2,0,0.0,0"
"2025531,佐々木,1,0,0.0,0"
"2025531,床田,2,0,0.0,0"
"2025531,堂林,1,1,1.0,0"
"2025531,羽月,0,0,0,0"
"2025531,中﨑,0,0,0,0"
"202561,中村奨,4,0,0.0,0"
"202561,菊池,4,0,0.0,0"
"202561,ファビアン,4,1,0.25,0"
"202561,末包,4,1,0.25,0"
"202561,坂倉,4,1,0.25,0"
"202561,モンテロ,3,1,0.3333333333333333,0"
"202561,羽月,0,0,0,0"
"202561,堂林,1,0,0.0,0"
"202561,小園,2,0,0.0,0"
"202561,佐々木,3,0,0.0,0"
"202561,矢野,0,0,0,0"
"202561,森,1,0,0.0,0"
"202561,上本,1,0,0.0,0"
"202561,島内,0,0,0,0"
"202561,野間,1,0,0.0,0"
"202561,塹江,0,0,0,0"
"202561,岡本,0,0,0,0"
"202561,長谷部,0,0,0,0"
"202563,秋山,5,2,0.4,0"
"202563,大盛,0,0,0,0"
"202563,小園,5,2,0.4,1"
"202563,菊池,0,0,0,0"
"202563,ファビアン,5,1,0.2,0"
"202563,末包,4,2,0.5,2"
"202563,坂倉,5,1,0.2,0"
"202563,モンテロ,4,2,0.5,1"
"202563,野間,4,2,0.5,1"
"202563,佐々木,4,1,0.25,0"
"202563,矢野,4,2,0.5,0"
"202564,中村奨,3,0,0.0,0"
"202564,佐々木,1,0,0.0,0"
"202564,小園,4,2,0.5,1"
"202564,ファビアン,4,0,0.0,0"
"202564,末包,3,0,0.0,0"
"202564,坂倉,3,1,0.3333333333333333,0"
"202564,モンテロ,4,0,0.0,0"
"202564,秋山,4,1,0.25,0"
"202564,菊池,3,0,0.0,0"
"202564,矢野,2,0,0.0,0"
"202564,羽月,1,1,1.0,0"
"202565,羽月,4,1,0.25,0"
"202565,堂林,0,0,0,0"
"202565,小園,5,1,0.2,0"
"202565,中村奨,0,0,0,0"
"202565,ファビアン,5,1,0.2,0"
"202565,末包,5,2,0.4,0"
"202565,坂倉,4,1,0.25,0"
"202565,モンテロ,4,3,0.75,1"
"202565,大盛,0,0,0,0"
"202565,野間,0,0,0,0"
"202565,秋山,4,0,0.0,0"
"202565,佐々木,4,2,0.5,0"
"202565,矢野,4,1,0.25,1"
"202566,野間,3,0,0.0,0"
"202566,大盛,0,0,0,0"
"202566,小園,4,2,0.5,0"
"202566,ハーン,0,0,0,0"
"202566,ファビアン,4,2,0.5,0"
"202566,末包,4,2,0.5,1"
"202566,坂倉,2,0,0.0,1"
"202566,羽月,0,0,0,0"
"202566,石原,0,0,0,0"
"202566,モンテロ,3,1,0.3333333333333333,0"
"202566,佐々木,4,0,0.0,0"
"202566,菊池,2,0,0.0,0"
"202566,森下,3,0,0.0,0"
"202566,矢野,0,0,0,0"
"202567,野間,4,1,0.25,1"
"202567,大盛,0,0,0,0"
"202567,小園,3,1,0.3333333333333333,1"
"202567,ファビアン,4,2,0.5,0"
"202567,堂林,0,0,0,0"
"202567,モンテロ,3,1,0.3333333333333333,2"
"202567,中村奨,0,0,0,0"
"202567,坂倉,4,1,0.25,1"
"202567,末包,4,1,0.25,0"
"202567,菊池,4,0,0.0,0"
"202567,矢野,3,1,0.3333333333333333,0"
"202567,床田,3,0,0.0,0"
"202568,中村奨,4,1,0.25,0"
"202568,田中,1,0,0.0,0"
"202568,上本,0,0,0,0"
"202568,小園,5,2,0.4,0"
"202568,ファビアン,4,3,0.75,3"
"202568,大盛,1,1,1.0,1"
"202568,モンテロ,4,0,0.0,0"
"202568,堂林,1,0,0.0,0"
"202568,坂倉,5,3,0.6,2"
"202568,末包,5,2,0.4,1"
"202568,菊池,3,1,0.3333333333333333,0"
"202568,羽月,0,0,0,0"
"202568,矢野,4,3,0.75,3"
"202568,森,4,0,0.0,0"
"2025610,中村奨,4,0,0.0,1"
"2025610,小園,4,0,0.0,0"
"2025610,ファビアン,4,0,0.0,0"
"2025610,モンテロ,3,0,0.0,0"
"2025610,坂倉,4,0,0.0,0"
"2025610,末包,3,0,0.0,0"
"2025610,上本,3,1,0.3333333333333333,0"
"2025610,菊池,1,0,0.0,0"
"2025610,矢野,2,0,0.0,0"
"2025611,秋山,5,2,0.4,0"
"2025611,大盛,1,1,1.0,1"
"2025611,小園,6,2,0.3333333333333333,1"
"2025611,ファビアン,5,1,0.2,2"
"2025611,モンテロ,5,3,0.6,0"
"2025611,羽月,0,0,0,0"
"2025611,堂林,2,0,0.0,0"
"2025611,坂倉,4,1,0.25,0"
"2025611,上本,1,0,0.0,0"
"2025611,石原,1,1,1.0,0"
"2025611,中村奨,0,0,0,0"
"2025611,野間,4,1,0.25,0"
"2025611,會澤,0,0,0,0"
"2025611,末包,5,1,0.2,1"
"2025611,菊池,6,2,0.3333333333333333,0"
"2025611,矢野,5,2,0.4,1"
"2025612,秋山,5,0,0.0,0"
"2025612,野間,4,0,0.0,0"
"2025612,ファビアン,4,2,0.5,0"
"2025612,モンテロ,4,0,0.0,0"
"2025612,小園,3,1,0.3333333333333333,0"
"2025612,坂倉,2,0,0.0,0"
"2025612,大盛,4,1,0.25,3"
"2025612,田中,3,1,0.3333333333333333,0"
"2025612,矢野,2,1,0.5,0"
"2025612,末包,1,0,0.0,0"
"2025613,大盛,5,2,0.4,1"
"2025613,田中,4,3,0.75,0"
"2025613,ファビアン,2,0,0.0,1"
"2025613,上本,1,0,0.0,0"
"2025613,モンテロ,4,1,0.25,2"
"2025613,堂林,1,0,0.0,0"
"2025613,小園,3,2,0.6666666666666666,0"
"2025613,坂倉,4,2,0.5,1"
"2025613,末包,4,1,0.25,1"
"2025613,矢野,4,0,0.0,0"
"2025613,石原,4,0,0.0,0"
"2025614,上本,3,0,0.0,0"
"2025614,中村奨,4,0,0.0,0"
"2025614,ファビアン,4,1,0.25,0"
"2025614,モンテロ,4,1,0.25,0"
"2025614,小園,4,0,0.0,0"
"2025614,末包,4,1,0.25,0"
"2025614,坂倉,2,1,0.5,0"
"2025614,石原,3,0,0.0,0"
"2025614,矢野,2,0,0.0,0"
"2025615,大盛,5,2,0.4,0"
"2025615,田中,3,0,0.0,0"
"2025615,上本,1,0,0.0,0"
"2025615,ファビアン,5,3,0.6,1"
"2025615,中村奨,0,0,0,0"
"2025615,モンテロ,5,1,0.2,1"
"2025615,小園,5,4,0.8,0"
"2025615,菊池,0,0,0,0"
"2025615,坂倉,4,1,0.25,2"
"2025615,末包,3,1,0.3333333333333333,1"
"2025615,野間,2,0,0.0,0"
"2025615,矢野,4,0,0.0,0"
"2025615,石原,5,1,0.2,1"
"2025617,大盛,4,2,0.5,0"
"2025617,田中,3,0,0.0,0"
"2025617,ファビアン,3,0,0.0,0"
"2025617,モンテロ,4,0,0.0,0"
"2025617,小園,3,0,0.0,0"
"2025617,坂倉,3,0,0.0,0"
"2025617,末包,2,0,0.0,0"
"2025617,矢野,3,0,0.0,0"
"2025617,玉村,1,0,0.0,0"
"2025617,秋山,1,0,0.0,0"
"2025617,中﨑,0,0,0,0"
"2025617,島内,0,0,0,0"
"2025617,野間,1,0,0.0,0"
"2025617,岡本,0,0,0,0"
"2025618,大盛,3,2,0.6666666666666666,0"
"2025618,ファビアン,3,2,0.6666666666666666,4"
"2025618,小園,5,2,0.4,0"
"2025618,モンテロ,5,1,0.2,0"
"2025618,堂林,0,0,0,0"
"2025618,坂倉,3,1,0.3333333333333333,1"
"2025618,羽月,0,0,0,0"
"2025618,石原,1,0,0.0,0"
"2025618,末包,5,2,0.4,0"
"2025618,菊池,3,1,0.3333333333333333,0"
"2025618,矢野,4,3,0.75,2"
"2025618,大瀬良,1,0,0.0,0"
"2025618,中村奨,1,0,0.0,0"
"2025618,高橋,0,0,0,0"
"2025618,野間,1,1,1.0,0"
"2025618,森浦,0,0,0,0"
"2025618,秋山,1,0,0.0,0"
"2025618,栗林,0,0,0,0"
"2025618,ハーン,0,0,0,0"
"2025619,大盛,4,1,0.25,0"
"2025619,長谷部,0,0,0,0"
"2025619,岡本,0,0,0,0"
"2025619,羽月,1,0,0.0,0"
"2025619,ファビアン,4,0,0.0,0"
"2025619,小園,4,3,0.75,0"
"2025619,モンテロ,4,0,0.0,0"
"2025619,坂倉,4,0,0.0,0"
"2025619,末包,4,2,0.5,0"
"2025619,菊池,4,0,0.0,0"
"2025619,矢野,4,0,0.0,0"
"2025619,ドミンゲス,1,0,0.0,0"
"2025619,中村奨,1,1,1.0,2"
"2025619,益田,0,0,0,0"
"2025619,上本,2,1,0.5,0"
"2025620,大盛,4,1,0.25,0"
"2025620,ファビアン,4,0,0.0,0"
"2025620,小園,4,1,0.25,0"
"2025620,モンテロ,4,1,0.25,0"
"2025620,坂倉,3,1,0.3333333333333333,0"
"2025620,末包,4,2,0.5,0"
"2025620,菊池,3,0,0.0,0"
"2025620,秋山,1,0,0.0,0"
"2025620,矢野,3,1,0.3333333333333333,0"
"2025620,田中,0,0,0,0"
"2025620,森下,1,0,0.0,0"
"2025620,中村奨,1,0,0.0,0"
"2025620,岡本,0,0,0,0"
"2025620,高橋,0,0,0,0"
"2025620,野間,1,0,0.0,0"
"2025621,大盛,4,2,0.5,1"
"2025621,ファビアン,5,3,0.6,4"
"2025621,中村奨,0,0,0,0"
"2025621,小園,4,2,0.5,0"
"2025621,モンテロ,4,1,0.25,0"
"2025621,坂倉,3,1,0.3333333333333333,0"
"2025621,末包,4,1,0.25,1"
"2025621,矢野,4,2,0.5,0"
"2025621,菊池,4,1,0.25,2"
"2025621,上本,0,0,0,0"
"2025621,床田,2,0,0.0,0"
"2025621,秋山,1,0,0.0,0"
"2025621,島内,0,0,0,0"
"2025621,中﨑,0,0,0,0"
"2025621,益田,0,0,0,0"
"2025621,堂林,1,0,0.0,0"
"2025621,栗林,0,0,0,0"
"2025622,大盛,5,0,0.0,0"
"2025622,ファビアン,4,3,0.75,0"
"2025622,小園,3,0,0.0,0"
"2025622,モンテロ,4,3,0.75,0"
"2025622,坂倉,3,1,0.3333333333333333,2"
"2025622,末包,2,0,0.0,0"
"2025622,矢野,4,0,0.0,0"
"2025622,菊池,3,0,0.0,0"
"2025622,森,1,0,0.0,0"
"2025622,中村奨,1,1,1.0,3"
"2025622,中﨑,0,0,0,0"
"2025622,島内,0,0,0,0"
"2025622,森浦,0,0,0,0"
"2025622,秋山,1,0,0.0,0"
"2025622,ハーン,0,0,0,0"
"2025622,野間,1,0,0.0,0"
"2025622,栗林,0,0,0,0"
"2025627,大盛,5,1,0.2,0"
"2025627,ファビアン,4,2,0.5,0"
"2025627,小園,4,2,0.5,0"
"2025627,モンテロ,3,1,0.3333333333333333,1"
"2025627,久保,0,0,0,0"
"2025627,堂林,0,0,0,0"
"2025627,坂倉,4,2,0.5,0"
"2025627,末包,4,0,0.0,0"
"2025627,菊池,4,1,0.25,1"
"2025627,矢野,3,1,0.3333333333333333,0"
"2025627,秋山,1,0,0.0,0"
"2025627,森下,2,1,0.5,0"
"2025627,中﨑,0,0,0,0"
"2025627,中村奨,1,1,1.0,0"
"2025627,羽月,0,0,0,0"
"2025627,島内,0,0,0,0"
"2025627,岡本,0,0,0,0"
"2025627,野間,1,0,0.0,0"
"2025628,大盛,4,0,0.0,0"
"2025628,ファビアン,4,2,0.5,0"
"2025628,小園,4,2,0.5,2"
"2025628,モンテロ,4,0,0.0,0"
"2025628,坂倉,4,1,0.25,0"
"2025628,ハーン,0,0,0,0"
"2025628,末包,4,0,0.0,0"
"2025628,田中,2,0,0.0,0"
"2025628,石原,0,0,0,0"
"2025628,矢野,3,1,0.3333333333333333,0"
"2025628,玉村,2,0,0.0,0"
"2025628,中﨑,0,0,0,0"
"2025628,森浦,0,0,0,0"
"2025628,秋山,1,0,0.0,0"
"2025628,栗林,0,0,0,0"
"2025628,菊池,0,0,0,0"
"2025629,中村奨,3,1,0.3333333333333333,0"
"2025629,島内,0,0,0,0"
"2025629,大盛,1,0,0.0,0"
"2025629,上本,3,1,0.3333333333333333,0"
"2025629,栗林,0,0,0,0"
"2025629,森浦,0,0,0,0"
"2025629,ハーン,0,0,0,0"
"2025629,小園,4,0,0.0,0"
"2025629,ファビアン,4,2,0.5,2"
"2025629,末包,4,2,0.5,0"
"2025629,モンテロ,2,1,0.5,0"
"2025629,久保,0,0,0,0"
"2025629,堂林,1,0,0.0,0"
"2025629,菊池,2,0,0.0,0"
"2025629,會澤,3,0,0.0,0"
"2025629,佐藤柳,2,1,0.5,0"
"2025629,野間,1,0,0.0,0"
"2025629,矢野,0,0,0,0"
"202571,大盛,6,0,0.0,0"
"202571,末包,6,1,0.16666666666666666,1"
"202571,小園,6,1,0.16666666666666666,0"
"202571,ファビアン,5,2,0.4,0"
"202571,久保,0,0,0,0"
"202571,坂倉,4,2,0.5,1"
"202571,栗林,0,0,0,0"
"202571,モンテロ,4,1,0.25,0"
"202571,羽月,0,0,0,0"
"202571,堂林,0,0,0,0"
"202571,菊池,4,1,0.25,0"
"202571,矢野,4,2,0.5,0"
"202571,床田,1,0,0.0,0"
"202571,野間,1,1,1.0,0"
"202571,島内,0,0,0,0"
"202571,ハーン,0,0,0,0"
"202571,秋山,1,0,0.0,0"
"202571,森浦,0,0,0,0"
"202571,中﨑,0,0,0,0"
"202571,中村奨,1,0,0.0,0"
"202571,石原,0,0,0,0"
"202572,中村奨,4,1,0.25,2"
"202572,矢野,4,0,0.0,0"
"202572,小園,3,1,0.3333333333333333,0"
"202572,ファビアン,3,0,0.0,0"
"202572,坂倉,3,0,0.0,0"
"202572,末包,3,0,0.0,0"
"202572,モンテロ,3,1,0.3333333333333333,0"
"202572,羽月,0,0,0,0"
"202572,堂林,0,0,0,0"
"202572,菊池,3,2,0.6666666666666666,0"
"202572,大瀬良,1,0,0.0,0"
"202572,ハーン,0,0,0,0"
"202573,中村奨,3,1,0.3333333333333333,0"
"202573,滝田,0,0,0,0"
"202573,高橋,0,0,0,0"
"202573,羽月,1,0,0.0,0"
"202573,田中,3,1,0.3333333333333333,0"
"202573,小園,3,2,0.6666666666666666,0"
"202573,ファビアン,4,0,0.0,0"
"202573,坂倉,4,0,0.0,0"
"202573,末包,4,1,0.25,0"
"202573,モンテロ,4,1,0.25,0"
"202573,矢野,4,1,0.25,0"
"202573,森,1,1,1.0,0"
"202573,岡本,0,0,0,0"
"202573,秋山,2,1,0.5,0"
"202574,中村奨,4,0,0.0,0"
"202574,田中,4,0,0.0,0"
"202574,小園,4,1,0.25,0"
"202574,ファビアン,4,1,0.25,0"
"202574,坂倉,2,0,0.0,0"
"202574,末包,3,0,0.0,0"
"202574,モンテロ,3,0,0.0,0"
"202574,矢野,3,1,0.3333333333333333,0"
"202574,森下,3,0,0.0,0"
"202575,末包,4,0,0.0,0"
"202575,中﨑,0,0,0,0"
"202575,栗林,0,0,0,0"
"202575,岡本,0,0,0,0"
"202575,中村奨,5,2,0.4,0"
"202575,ファビアン,4,1,0.25,0"
"202575,小園,4,1,0.25,0"
"202575,坂倉,4,1,0.25,0"
"202575,ハーン,0,0,0,0"
"202575,大盛,1,0,0.0,0"
"202575,菊池,4,0,0.0,0"
"202575,モンテロ,3,2,0.6666666666666666,0"
"202575,上本,0,0,0,0"
"202575,島内,0,0,0,0"
"202575,森浦,0,0,0,0"
"202575,石原,2,0,0.0,0"
"202575,矢野,4,0,0.0,0"
"202575,玉村,2,0,0.0,0"
"202575,堂林,1,0,0.0,0"
"202576,中村奨,4,1,0.25,1"
"202576,矢野,4,0,0.0,0"
"202576,ファビアン,4,1,0.25,0"
"202576,大盛,0,0,0,0"
"202576,小園,4,1,0.25,0"
"202576,野間,4,1,0.25,0"
"202576,モンテロ,3,0,0.0,0"
"202576,菊池,4,1,0.25,2"
"202576,會澤,2,0,0.0,0"
"202576,羽月,0,0,0,0"
"202576,森浦,0,0,0,0"
"202576,秋山,1,1,1.0,0"
"202576,ハーン,0,0,0,0"
"202576,佐藤柳,1,0,0.0,0"
"202576,田中,1,0,0.0,0"
"202576,中﨑,0,0,0,0"
"202576,島内,0,0,0,0"
"202576,上本,0,0,0,0"
"202576,石原,1,0,0.0,0"
"202578,中村奨,4,1,0.25,1"
"202578,野間,5,1,0.2,0"
"202578,小園,4,2,0.5,0"
"202578,ファビアン,4,1,0.25,0"
"202578,坂倉,3,0,0.0,0"
"202578,菊池,4,2,0.5,0"
"202578,滝田,0,0,0,0"
"202578,モンテロ,4,1,0.25,0"
"202578,矢野,1,0,0.0,0"
"202578,田中,2,0,0.0,0"
"202578,床田,1,0,0.0,0"
"202578,秋山,1,0,0.0,0"
"202578,岡本,0,0,0,0"
"202578,大盛,0,0,0,0"
"202578,高橋,0,0,0,0"
"202578,羽月,1,0,0.0,0"
"202579,野間,4,1,0.25,0"
"202579,中村奨,3,0,0.0,0"
"202579,末包,1,0,0.0,0"
"202579,遠藤,0,0,0,0"
"202579,ファビアン,4,1,0.25,0"
"202579,小園,4,1,0.25,0"
"202579,モンテロ,4,1,0.25,0"
"202579,坂倉,3,1,0.3333333333333333,0"
"202579,菊池,4,1,0.25,1"
"202579,田中,1,0,0.0,0"
"202579,上本,1,0,0.0,0"
"202579,大瀬良,2,0,0.0,0"
"202579,中﨑,0,0,0,0"
"202579,栗林,0,0,0,0"
"202579,大盛,1,1,1.0,0"
"2025710,大盛,5,1,0.2,0"
"2025710,菊池,5,0,0.0,0"
"2025710,小園,3,1,0.3333333333333333,0"
"2025710,ファビアン,3,1,0.3333333333333333,0"
"2025710,坂倉,3,1,0.3333333333333333,1"
"2025710,秋山,4,2,0.5,2"
"2025710,モンテロ,3,1,0.3333333333333333,0"
"2025710,田中,2,0,0.0,0"
"2025710,末包,1,0,0.0,0"
"2025710,島内,0,0,0,0"
"2025710,森浦,0,0,0,0"
"2025710,高橋,0,0,0,0"
"2025710,中村奨,1,0,0.0,0"
"2025710,滝田,0,0,0,0"
"2025710,森,1,0,0.0,0"
"2025710,上本,3,1,0.3333333333333333,0"
"2025711,秋山,4,1,0.25,0"
"2025711,菊池,3,1,0.3333333333333333,0"
"2025711,小園,3,1,0.3333333333333333,0"
"2025711,ファビアン,4,0,0.0,1"
"2025711,坂倉,3,2,0.6666666666666666,0"
"2025711,モンテロ,3,0,0.0,0"
"2025711,中村健,3,0,0.0,0"
"2025711,矢野,2,1,0.5,0"
"2025711,大盛,1,0,0.0,0"
"2025711,森下,3,0,0.0,0"
"2025711,栗林,0,0,0,0"
"2025711,野間,1,0,0.0,0"
"2025712,中村奨,4,1,0.25,0"
"2025712,中村健,2,0,0.0,0"
"2025712,小園,4,1,0.25,1"
"2025712,ファビアン,4,0,0.0,0"
"2025712,坂倉,4,0,0.0,0"
"2025712,末包,4,0,0.0,0"
"2025712,菊池,2,1,0.5,0"
"2025712,遠藤,0,0,0,0"
"2025712,高橋,0,0,0,0"
"2025712,モンテロ,1,0,0.0,0"
"2025712,滝田,0,0,0,0"
"2025712,上本,2,0,0.0,0"
"2025712,玉村,1,0,0.0,0"
"2025712,羽月,2,1,0.5,0"
"2025713,中村奨,6,3,0.5,0"
"2025713,羽月,4,1,0.25,0"
"2025713,小園,5,1,0.2,0"
"2025713,ファビアン,4,0,0.0,0"
"2025713,末包,5,3,0.6,0"
"2025713,モンテロ,4,3,0.75,0"
"2025713,田中,1,0,0.0,0"
"2025713,菊池,4,2,0.5,2"
"2025713,會澤,3,0,0.0,0"
"2025713,坂倉,1,0,0.0,0"
"2025713,佐藤柳,1,0,0.0,0"
"2025713,中村健,1,0,0.0,0"
"2025713,栗林,0,0,0,0"
"2025713,島内,0,0,0,0"
"2025713,秋山,1,0,0.0,0"
"2025713,中﨑,0,0,0,0"
"2025713,野間,1,0,0.0,0"
"2025713,森浦,0,0,0,0"
"2025713,ハーン,0,0,0,0"
"2025713,上本,1,1,1.0,0"
"2025713,遠藤,0,0,0,0"
"2025715,中村奨,3,0,0.0,0"
"2025715,菊池,4,1,0.25,0"
"2025715,ファビアン,4,0,0.0,0"
"2025715,小園,4,0,0.0,0"
"2025715,坂倉,4,1,0.25,0"
"2025715,羽月,0,0,0,0"
"2025715,末包,3,1,0.3333333333333333,0"
"2025715,大盛,1,1,1.0,0"
"2025715,モンテロ,4,1,0.25,0"
"2025715,二俣,3,0,0.0,0"
"2025715,床田,1,0,0.0,0"
"2025715,中村健,0,0,0,0"
"2025715,栗林,0,0,0,0"
"2025716,中村奨,2,1,0.5,0"
"2025716,末包,2,0,0.0,0"
"2025716,大盛,4,2,0.5,1"
"2025716,小園,4,3,0.75,1"
"2025716,石原,0,0,0,0"
"2025716,ファビアン,4,0,0.0,0"
"2025716,坂倉,3,0,0.0,0"
"2025716,ハーン,0,0,0,0"
"2025716,モンテロ,3,1,0.3333333333333333,1"
"2025716,羽月,3,0,0.0,0"
"2025716,矢野,0,0,0,0"
"2025716,二俣,2,0,0.0,0"
"2025716,大瀬良,2,0,0.0,0"
"2025716,中﨑,0,0,0,0"
"2025716,秋山,1,0,0.0,0"
"2025716,森浦,0,0,0,0"
"2025716,菊池,0,0,0,0"
"2025717,野間,3,1,0.3333333333333333,0"
"2025717,久保,0,0,0,0"
"2025717,大盛,2,0,0.0,0"
"2025717,小園,2,0,0.0,0"
"2025717,ファビアン,2,0,0.0,0"
"2025717,坂倉,2,0,0.0,0"
"2025717,モンテロ,2,1,0.5,1"
"2025717,羽月,2,1,0.5,0"
"2025717,矢野,1,0,0.0,0"
"2025717,森,1,0,0.0,0"
"2025717,秋山,1,0,0.0,0"
"2025717,島内,0,0,0,0"
"2025719,大盛,4,0,0.0,0"
"2025719,羽月,4,1,0.25,0"
"2025719,小園,4,1,0.25,1"
"2025719,ファビアン,3,0,0.0,0"
"2025719,坂倉,3,0,0.0,0"
"2025719,モンテロ,3,0,0.0,0"
"2025719,末包,2,0,0.0,0"
"2025719,菊池,3,2,0.6666666666666666,0"
"2025719,森下,2,1,0.5,0"
"2025719,秋山,1,0,0.0,0"
"2025719,遠藤,0,0,0,0"
"2025719,松本,0,0,0,0"
"2025720,大盛,5,2,0.4,0"
"2025720,羽月,4,3,0.75,1"
"2025720,小園,4,1,0.25,0"
"2025720,ファビアン,3,0,0.0,1"
"2025720,久保,0,0,0,0"
"2025720,野間,4,1,0.25,2"
"2025720,坂倉,2,1,0.5,1"
"2025720,石原,2,0,0.0,0"
"2025720,モンテロ,3,0,0.0,0"
"2025720,島内,0,0,0,0"
"2025720,森浦,0,0,0,0"
"2025720,秋山,1,0,0.0,0"
"2025720,中﨑,0,0,0,0"
"2025720,林,4,1,0.25,1"
"2025720,玉村,1,0,0.0,0"
"2025720,松本,0,0,0,0"
"2025720,末包,1,0,0.0,0"
"2025720,佐藤柳,0,0,0,0"
"2025720,二俣,2,1,0.5,1"
"2025721,大盛,6,2,0.3333333333333333,0"
"2025721,羽月,1,0,0.0,0"
"2025721,久保,1,1,1.0,0"
"2025721,小園,4,3,0.75,1"
"2025721,ファビアン,5,2,0.4,2"
"2025721,野間,4,0,0.0,0"
"2025721,矢野,1,0,0.0,0"
"2025721,二俣,3,2,0.6666666666666666,0"
"2025721,林,5,2,0.4,3"
"2025721,石原,5,0,0.0,0"
"2025721,床田,3,0,0.0,0"
"2025721,秋山,1,1,1.0,0"
"2025721,中﨑,0,0,0,0"
"2025721,森浦,0,0,0,0"
"2025721,モンテロ,0,0,0,0"
"2025721,ハーン,0,0,0,0"
"2025726,秋山,3,0,0.0,0"
"2025726,松本,0,0,0,0"
"2025726,二俣,4,0,0.0,0"
"2025726,小園,4,0,0.0,0"
"2025726,ファビアン,4,1,0.25,1"
"2025726,坂倉,2,1,0.5,0"
"2025726,末包,3,0,0.0,0"
"2025726,菊池,3,0,0.0,0"
"2025726,林,3,1,0.3333333333333333,0"
"2025726,森下,2,1,0.5,0"
"2025726,中﨑,0,0,0,0"
"2025726,ハーン,0,0,0,0"
"2025726,高橋,0,0,0,0"
"2025726,大盛,1,1,1.0,0"
"2025727,秋山,4,2,0.5,0"
"2025727,大盛,5,1,0.2,3"
"2025727,小園,5,2,0.4,1"
"2025727,ファビアン,4,0,0.0,0"
"2025727,坂倉,3,1,0.3333333333333333,0"
"2025727,二俣,3,0,0.0,0"
"2025727,羽月,1,0,0.0,0"
"2025727,林,4,0,0.0,0"
"2025727,會澤,2,1,0.5,0"
"2025727,栗林,0,0,0,0"
"2025727,上本,1,0,0.0,0"
"2025727,島内,0,0,0,0"
"2025727,ハーン,0,0,0,0"
"2025727,野間,1,1,1.0,1"
"2025727,森浦,0,0,0,0"
"2025727,佐藤柳,0,0,0,0"
"2025727,久保,1,0,0.0,0"
"2025727,遠藤,0,0,0,0"
"2025727,モンテロ,3,1,0.3333333333333333,0"
"2025729,大盛,4,1,0.25,0"
"2025729,菊池,4,1,0.25,0"
"2025729,小園,4,0,0.0,0"
"2025729,ファビアン,3,1,0.3333333333333333,0"
"2025729,坂倉,4,0,0.0,0"
"2025729,モンテロ,3,0,0.0,0"
"2025729,久保,0,0,0,0"
"2025729,二俣,1,0,0.0,0"
"2025729,末包,4,2,0.5,0"
"2025729,矢野,2,0,0.0,0"
"2025729,林,1,0,0.0,0"
"2025729,床田,2,0,0.0,0"
"2025729,野間,1,0,0.0,0"
"2025729,栗林,0,0,0,0"
"2025729,ハーン,0,0,0,0"
"2025730,秋山,4,0,0.0,0"
"2025730,羽月,4,1,0.25,0"
"2025730,小園,4,1,0.25,0"
"2025730,ファビアン,3,0,0.0,0"
"2025730,坂倉,4,1,0.25,0"
"2025730,末包,3,2,0.6666666666666666,0"
"2025730,矢野,4,1,0.25,0"
"2025730,林,3,0,0.0,0"
"2025730,大瀬良,1,0,0.0,0"
"2025730,ハーン,0,0,0,0"
"2025730,二俣,1,0,0.0,0"
"2025730,高橋,0,0,0,0"
"2025730,松本,0,0,0,0"
"2025730,モンテロ,1,0,0.0,0"
"2025731,秋山,3,1,0.3333333333333333,0"
"2025731,島内,0,0,0,0"
"2025731,森浦,0,0,0,0"
"2025731,ファビアン,5,1,0.2,1"
"2025731,大盛,0,0,0,0"
"2025731,小園,4,1,0.25,0"
"2025731,末包,4,1,0.25,2"
"2025731,坂倉,5,0,0.0,0"
"2025731,モンテロ,5,3,0.6,1"
"2025731,菊池,4,1,0.25,0"
"2025731,矢野,4,2,0.5,0"
"2025731,森,2,1,0.5,2"
"2025731,栗林,0,0,0,0"
"2025731,中﨑,0,0,0,0"
"2025731,久保,1,0,0.0,0"
"202581,羽月,4,0,0.0,0"
"202581,菊池,0,0,0,0"
"202581,ファビアン,3,1,0.3333333333333333,0"
"202581,小園,4,2,0.5,2"
"202581,末包,4,1,0.25,0"
"202581,久保,0,0,0,0"
"202581,坂倉,3,1,0.3333333333333333,0"
"202581,モンテロ,3,0,0.0,0"
"202581,大盛,4,1,0.25,0"
"202581,矢野,3,1,0.3333333333333333,0"
"202581,髙,1,0,0.0,0"
"202581,上本,1,0,0.0,0"
"202581,中﨑,0,0,0,0"
"202581,栗林,0,0,0,0"
"202581,秋山,1,0,0.0,1"
"202581,森浦,0,0,0,0"
"202581,島内,0,0,0,0"
"202582,羽月,4,1,0.25,0"
"202582,ファビアン,4,0,0.0,0"
"202582,小園,3,0,0.0,0"
"202582,辻,0,0,0,0"
"202582,久保,0,0,0,0"
"202582,末包,2,0,0.0,0"
"202582,坂倉,3,0,0.0,0"
"202582,石原,0,0,0,0"
"202582,モンテロ,3,0,0.0,0"
"202582,秋山,3,1,0.3333333333333333,0"
"202582,岡本,0,0,0,0"
"202582,矢野,3,0,0.0,0"
"202582,森下,1,0,0.0,0"
"202582,高橋,0,0,0,0"
"202582,林,1,0,0.0,0"
"202582,塹江,0,0,0,0"
"202582,二俣,1,0,0.0,0"
"202583,久保,4,0,0.0,0"
"202583,ファビアン,4,1,0.25,0"
"202583,森浦,0,0,0,0"
"202583,小園,3,0,0.0,0"
"202583,末包,4,2,0.5,1"
"202583,坂倉,3,1,0.3333333333333333,1"
"202583,大盛,0,0,0,0"
"202583,モンテロ,3,0,0.0,0"
"202583,菊池,3,1,0.3333333333333333,0"
"202583,矢野,3,0,0.0,0"
"202583,遠藤,2,0,0.0,0"
"202583,島内,0,0,0,0"
"202583,野間,1,0,0.0,0"
"202583,栗林,0,0,0,0"
"202583,石原,0,0,0,0"
"202585,中村奨,5,1,0.2,0"
"202585,ファビアン,3,0,0.0,0"
"202585,小園,2,1,0.5,1"
"202585,末包,4,0,0.0,0"
"202585,坂倉,4,1,0.25,0"
"202585,モンテロ,4,1,0.25,1"
"202585,羽月,4,2,0.5,0"
"202585,菊池,0,0,0,0"
"202585,二俣,3,1,0.3333333333333333,2"
"202585,床田,2,2,1.0,0"
"202585,塹江,0,0,0,0"
"202585,中﨑,0,0,0,0"
"202585,前川,1,0,0.0,0"
"202585,島内,0,0,0,0"
"202585,栗林,0,0,0,0"
"202585,野間,1,0,0.0,0"
"202585,森浦,0,0,0,0"
"202586,中村奨,5,1,0.2,1"
"202586,ファビアン,5,0,0.0,0"
"202586,森浦,0,0,0,0"
"202586,小園,5,2,0.4,0"
"202586,末包,4,3,0.75,2"
"202586,坂倉,4,1,0.25,2"
"202586,モンテロ,4,2,0.5,2"
"202586,羽月,0,0,0,0"
"202586,島内,0,0,0,0"
"202586,大盛,0,0,0,0"
"202586,菊池,3,2,0.6666666666666666,0"
"202586,二俣,4,1,0.25,0"
"202586,大瀬良,2,1,0.5,0"
"202586,中﨑,0,0,0,0"
"202586,ハーン,0,0,0,0"
"202586,野間,1,0,0.0,0"
"202586,矢野,0,0,0,0"
"202587,羽月,5,0,0.0,0"
"202587,ファビアン,5,2,0.4,2"
"202587,小園,5,1,0.2,0"
"202587,末包,4,1,0.25,2"
"202587,坂倉,4,2,0.5,0"
"202587,中村奨,4,0,0.0,0"
"202587,モンテロ,4,1,0.25,0"
"202587,菊池,4,1,0.25,0"
"202587,森,1,1,1.0,0"
"202587,前川,1,1,1.0,1"
"202587,高橋,0,0,0,0"
"202587,辻,0,0,0,0"
"202587,秋山,1,1,1.0,0"
"202587,岡本,0,0,0,0"
"202587,塹江,0,0,0,0"
"202587,大盛,0,0,0,0"
"202588,中村奨,3,1,0.3333333333333333,0"
"202588,矢野,2,1,0.5,0"
"202588,ファビアン,4,0,0.0,0"
"202588,森浦,0,0,0,0"
"202588,秋山,1,0,0.0,0"
"202588,中﨑,0,0,0,0"
"202588,石原,0,0,0,0"
"202588,末包,5,0,0.0,0"
"202588,坂倉,4,2,0.5,0"
"202588,羽月,0,0,0,0"
"202588,モンテロ,4,0,0.0,0"
"202588,小園,0,0,0,0"
"202588,栗林,0,0,0,0"
"202588,二俣,5,2,0.4,0"
"202588,前川,3,2,0.6666666666666666,2"
"202588,菊池,1,0,0.0,0"
"202588,髙,3,0,0.0,0"
"202588,島内,0,0,0,0"
"202588,大盛,2,1,0.5,0"
"202589,大盛,4,1,0.25,0"
"202589,羽月,4,1,0.25,0"
"202589,野間,4,0,0.0,0"
"202589,坂倉,4,0,0.0,0"
"202589,秋山,3,2,0.6666666666666666,0"
"202589,前川,4,1,0.25,0"
"202589,モンテロ,3,0,0.0,0"
"202589,矢野,3,0,0.0,0"
"202589,森下,2,0,0.0,0"
"202589,小園,1,0,0.0,0"
"202589,岡本,0,0,0,0"
"202589,辻,0,0,0,0"
"2025810,中村奨,4,1,0.25,1"
"2025810,前川,4,0,0.0,0"
"2025810,島内,0,0,0,0"
"2025810,石原,0,0,0,0"
"2025810,ファビアン,4,2,0.5,0"
"2025810,羽月,0,0,0,0"
"2025810,末包,3,1,0.3333333333333333,1"
"2025810,大盛,1,0,0.0,0"
"2025810,坂倉,5,0,0.0,0"
"2025810,森浦,0,0,0,0"
"2025810,菊池,3,1,0.3333333333333333,4"
"2025810,モンテロ,4,4,1.0,0"
"2025810,二俣,4,1,0.25,0"
"2025810,玉村,1,0,0.0,0"
"2025810,ハーン,0,0,0,0"
"2025810,秋山,1,0,0.0,0"
"2025810,中﨑,0,0,0,0"
"2025810,高橋,0,0,0,0"
"2025810,矢野,0,0,0,0"
"2025812,中村奨,5,3,0.6,0"
"2025812,ファビアン,3,1,0.3333333333333333,0"
"2025812,矢野,1,0,0.0,0"
"2025812,小園,4,2,0.5,1"
"2025812,ハーン,0,0,0,0"
"2025812,前川,1,1,1.0,2"
"2025812,辻,0,0,0,0"
"2025812,末包,5,3,0.6,3"
"2025812,モンテロ,4,2,0.5,3"
"2025812,菊池,4,0,0.0,0"
"2025812,佐々木,4,1,0.25,0"
"2025812,石原,4,1,0.25,0"
"2025812,床田,3,0,0.0,0"
"2025812,大盛,1,1,1.0,0"
"2025813,中村奨,4,1,0.25,0"
"2025813,ファビアン,4,0,0.0,0"
"2025813,小園,4,2,0.5,0"
"2025813,末包,4,1,0.25,0"
"2025813,モンテロ,3,0,0.0,0"
"2025813,前川,3,0,0.0,0"
"2025813,佐々木,3,1,0.3333333333333333,0"
"2025813,石原,1,0,0.0,0"
"2025813,羽月,1,0,0.0,0"
"2025813,森浦,0,0,0,0"
"2025813,大瀬良,1,0,0.0,0"
"2025813,菊池,1,0,0.0,0"
"2025813,栗林,0,0,0,0"
"2025813,島内,0,0,0,0"
"2025813,坂倉,1,0,0.0,0"
"2025815,中村奨,4,1,0.25,0"
"2025815,ファビアン,4,2,0.5,0"
"2025815,小園,4,0,0.0,1"
"2025815,末包,3,0,0.0,0"
"2025815,坂倉,3,1,0.3333333333333333,0"
"2025815,モンテロ,3,0,0.0,0"
"2025815,佐々木,3,1,0.3333333333333333,0"
"2025815,前川,3,0,0.0,0"
"2025815,森,2,0,0.0,0"
"2025815,岡本,0,0,0,0"
"2025815,野間,1,0,0.0,0"
"2025815,高橋,0,0,0,0"
"2025816,秋山,4,1,0.25,0"
"2025816,大盛,0,0,0,0"
"2025816,中村奨,4,1,0.25,1"
"2025816,小園,4,2,0.5,0"
"2025816,矢野,0,0,0,0"
"2025816,末包,4,1,0.25,1"
"2025816,坂倉,3,0,0.0,0"
"2025816,モンテロ,4,1,0.25,1"
"2025816,佐々木,4,0,0.0,0"
"2025816,森浦,0,0,0,0"
"2025816,菊池,4,2,0.5,0"
"2025816,森下,1,0,0.0,0"
"2025816,ファビアン,1,1,1.0,2"
"2025816,ハーン,0,0,0,0"
"2025816,栗林,0,0,0,0"
"2025816,島内,0,0,0,0"
"2025816,二俣,1,0,0.0,0"
"2025817,中村奨,5,4,0.8,0"
"2025817,ファビアン,5,2,0.4,0"
"2025817,小園,3,3,1.0,1"
"2025817,末包,4,0,0.0,0"
"2025817,坂倉,4,0,0.0,0"
"2025817,モンテロ,4,0,0.0,0"
"2025817,佐々木,4,2,0.5,0"
"2025817,菊池,2,0,0.0,0"
"2025817,鈴木,0,0,0,0"
"2025817,秋山,1,0,0.0,0"
"2025817,高橋,0,0,0,0"
"2025817,矢野,1,0,0.0,0"
"2025817,中﨑,0,0,0,0"
"2025817,遠藤,1,0,0.0,0"
"2025817,岡本,0,0,0,0"
"2025817,前川,2,0,0.0,0"
"2025817,大盛,1,0,0.0,0"
"2025819,中村奨,4,1,0.25,0"
"2025819,ファビアン,4,1,0.25,0"
"2025819,森浦,0,0,0,0"
"2025819,小園,4,0,0.0,1"
"2025819,末包,4,1,0.25,0"
"2025819,坂倉,3,1,0.3333333333333333,0"
"2025819,羽月,0,0,0,0"
"2025819,大盛,0,0,0,0"
"2025819,モンテロ,4,1,0.25,2"
"2025819,菊池,4,1,0.25,0"
"2025819,佐々木,4,1,0.25,0"
"2025819,矢野,0,0,0,0"
"2025819,床田,3,1,0.3333333333333333,0"
"2025819,島内,0,0,0,0"
"2025819,野間,1,1,1.0,0"
"2025819,石原,0,0,0,0"
"2025820,中村奨,5,0,0.0,0"
"2025820,岡本,0,0,0,0"
"2025820,ファビアン,5,5,1.0,1"
"2025820,小園,5,2,0.4,0"
"2025820,末包,4,0,0.0,1"
"2025820,坂倉,5,1,0.2,0"
"2025820,モンテロ,3,2,0.6666666666666666,1"
"2025820,菊池,4,1,0.25,0"
"2025820,佐々木,4,0,0.0,0"
"2025820,大瀬良,0,0,0,0"
"2025820,二俣,0,0,0,1"
"2025820,鈴木,0,0,0,0"
"2025820,秋山,1,0,0.0,0"
"2025820,高橋,0,0,0,0"
"2025820,ハーン,0,0,0,0"
"2025820,大盛,1,0,0.0,0"
"2025821,中村奨,5,1,0.2,0"
"2025821,ファビアン,5,1,0.2,2"
"2025821,小園,5,2,0.4,0"
"2025821,モンテロ,3,2,0.6666666666666666,3"
"2025821,坂倉,4,0,0.0,0"
"2025821,羽月,3,2,0.6666666666666666,0"
"2025821,菊池,0,0,0,0"
"2025821,大盛,2,0,0.0,0"
"2025821,佐々木,2,1,0.5,0"
"2025821,矢野,0,0,0,0"
"2025821,髙,3,1,0.3333333333333333,0"
"2025821,野間,1,0,0.0,0"
"2025821,島内,0,0,0,0"
"2025821,森浦,0,0,0,0"
"2025822,中村奨,5,0,0.0,0"
"2025822,ファビアン,6,2,0.3333333333333333,0"
"2025822,小園,6,3,0.5,1"
"2025822,モンテロ,6,1,0.16666666666666666,1"
"2025822,坂倉,2,0,0.0,0"
"2025822,石原,1,0,0.0,0"
"2025822,羽月,4,4,1.0,0"
"2025822,菊池,1,0,0.0,0"
"2025822,秋山,3,0,0.0,0"
"2025822,大盛,1,0,0.0,0"
"2025822,佐々木,5,2,0.4,1"
"2025822,森,3,1,0.3333333333333333,1"
"2025822,島内,0,0,0,0"
"2025822,矢野,0,0,0,0"
"2025822,森浦,0,0,0,0"
"2025822,野間,1,0,0.0,0"
"2025822,栗林,0,0,0,0"
"2025822,中﨑,0,0,0,0"
"2025822,岡本,0,0,0,0"
"2025823,中村奨,4,1,0.25,1"
"2025823,ファビアン,4,1,0.25,0"
"2025823,小園,3,0,0.0,1"
"2025823,モンテロ,4,1,0.25,0"
"2025823,坂倉,3,0,0.0,0"
"2025823,羽月,3,1,0.3333333333333333,0"
"2025823,大盛,4,0,0.0,0"
"2025823,佐々木,2,1,0.5,0"
"2025823,森下,1,0,0.0,0"
"2025823,前川,1,0,0.0,0"
"2025823,栗林,0,0,0,0"
"2025823,辻,0,0,0,0"
"2025824,中村奨,4,2,0.5,0"
"2025824,前川,4,1,0.25,1"
"2025824,矢野,0,0,0,0"
"2025824,ファビアン,4,0,0.0,0"
"2025824,モンテロ,3,1,0.3333333333333333,2"
"2025824,末包,4,1,0.25,2"
"2025824,島内,0,0,0,0"
"2025824,森浦,0,0,0,0"
"2025824,菊池,4,1,0.25,0"
"2025824,佐々木,4,1,0.25,0"
"2025824,石原,4,1,0.25,0"
"2025824,常廣,2,0,0.0,0"
"2025824,中﨑,0,0,0,0"
"2025824,ハーン,0,0,0,0"
"2025824,小園,0,0,0,0"
"2025824,栗林,0,0,0,0"
"2025824,大盛,0,0,0,0"
"2025826,中村奨,4,2,0.5,1"
"2025826,ファビアン,4,2,0.5,0"
"2025826,小園,3,1,0.3333333333333333,0"
"2025826,大盛,0,0,0,0"
"2025826,モンテロ,4,1,0.25,1"
"2025826,末包,3,0,0.0,1"
"2025826,矢野,0,0,0,0"
"2025826,羽月,3,1,0.3333333333333333,0"
"2025826,菊池,1,1,1.0,1"
"2025826,坂倉,4,0,0.0,0"
"2025826,佐々木,3,1,0.3333333333333333,0"
"2025826,床田,2,1,0.5,0"
"2025827,中村奨,4,1,0.25,0"
"2025827,ファビアン,3,1,0.3333333333333333,2"
"2025827,小園,3,1,0.3333333333333333,0"
"2025827,羽月,0,0,0,0"
"2025827,矢野,0,0,0,0"
"2025827,モンテロ,3,1,0.3333333333333333,1"
"2025827,末包,4,0,0.0,0"
"2025827,森浦,0,0,0,0"
"2025827,菊池,4,1,0.25,0"
"2025827,佐々木,3,1,0.3333333333333333,0"
"2025827,會澤,3,0,0.0,0"
"2025827,大瀬良,2,2,1.0,0"
"2025827,栗林,0,0,0,0"
"2025827,前川,1,0,0.0,0"
"2025827,島内,0,0,0,0"
"2025827,大盛,0,0,0,0"
"2025828,中村奨,5,4,0.8,3"
"2025828,ファビアン,5,2,0.4,2"
"2025828,大盛,0,0,0,0"
"2025828,小園,4,2,0.5,0"
"2025828,ハーン,0,0,0,0"
"2025828,二俣,0,0,0,0"
"2025828,モンテロ,4,1,0.25,1"
"2025828,岡本,0,0,0,0"
"2025828,末包,5,1,0.2,1"
"2025828,坂倉,4,1,0.25,0"
"2025828,菊池,4,2,0.5,0"
"2025828,佐々木,4,2,0.5,0"
"2025828,髙,3,0,0.0,0"
"2025828,栗林,0,0,0,0"
"2025828,秋山,1,1,1.0,0"
"2025828,矢野,0,0,0,0"
"2025829,中村奨,4,1,0.25,0"
"2025829,ファビアン,4,0,0.0,0"
"2025829,小園,4,0,0.0,0"
"2025829,モンテロ,3,1,0.3333333333333333,0"
"2025829,末包,3,1,0.3333333333333333,0"
"2025829,羽月,4,1,0.25,1"
"2025829,菊池,0,0,0,0"
"2025829,坂倉,3,2,0.6666666666666666,2"
"2025829,佐々木,4,0,0.0,0"
"2025829,森,3,1,0.3333333333333333,0"
"2025829,島内,0,0,0,0"
"2025829,前川,1,0,0.0,0"
"2025829,森浦,0,0,0,0"
"2025830,中村奨,5,0,0.0,0"
"2025830,ファビアン,4,2,0.5,0"
"2025830,小園,4,1,0.25,0"
"2025830,モンテロ,4,0,0.0,0"
"2025830,末包,4,1,0.25,0"
"2025830,菊池,4,2,0.5,0"
"2025830,坂倉,4,2,0.5,2"
"2025830,佐々木,3,0,0.0,0"
"2025830,高橋,1,1,1.0,2"
"2025830,前川,1,1,1.0,0"
"2025830,鈴木,0,0,0,0"
"2025830,中﨑,0,0,0,0"
"2025830,秋山,1,0,0.0,0"
"2025830,岡本,0,0,0,0"
"2025830,辻,0,0,0,0"
"2025830,野間,1,0,0.0,0"
"2025831,中村奨,5,1,0.2,0"
"2025831,羽月,5,1,0.2,0"
"2025831,小園,5,2,0.4,0"
"2025831,モンテロ,5,3,0.6,0"
"2025831,坂倉,3,1,0.3333333333333333,2"
"2025831,菊池,3,0,0.0,1"
"2025831,末包,4,2,0.5,1"
"2025831,大盛,4,2,0.5,0"
"2025831,常廣,2,0,0.0,0"
"2025831,中﨑,0,0,0,0"
"2025831,佐々木,1,1,1.0,0"
"2025831,ハーン,0,0,0,0"
"2025831,岡本,0,0,0,0"
"2025831,ファビアン,1,0,0.0,0"
"2025831,辻,0,0,0,0"
"202592,中村奨,5,1,0.2,0"
"202592,ファビアン,4,0,0.0,0"
"202592,小園,5,2,0.4,0"
"202592,モンテロ,4,1,0.25,0"
"202592,末包,4,2,0.5,1"
"202592,菊池,4,3,0.75,0"
"202592,坂倉,3,0,0.0,0"
"202592,佐々木,4,1,0.25,3"
"202592,床田,0,0,0,0"
"202592,前川,1,1,1.0,1"
"202592,鈴木,0,0,0,0"
"202592,二俣,1,0,0.0,0"
"202592,岡本,0,0,0,0"
"202592,内田,1,0,0.0,0"
"202592,辻,0,0,0,0"
"202592,野間,1,0,0.0,0"
"202592,中﨑,0,0,0,0"
"202593,中村奨,3,0,0.0,0"
"202593,森浦,0,0,0,0"
"202593,ファビアン,3,0,0.0,0"
"202593,小園,3,1,0.3333333333333333,0"
"202593,モンテロ,2,0,0.0,0"
"202593,末包,3,0,0.0,0"
"202593,菊池,3,1,0.3333333333333333,0"
"202593,佐々木,3,1,0.3333333333333333,0"
"202593,會澤,1,0,0.0,0"
"202593,羽月,0,0,0,0"
"202593,大盛,0,0,0,0"
"202593,大瀬良,1,0,0.0,0"
"202593,前川,1,0,0.0,1"
"202593,ハーン,0,0,0,0"
"202593,栗林,0,0,0,0"
"202593,島内,0,0,0,0"
"202593,二俣,1,0,0.0,0"
"202593,石原,0,0,0,0"
"202594,中村奨,2,0,0.0,0"
"202594,ファビアン,2,0,0.0,0"
"202594,小園,2,1,0.5,0"
"202594,モンテロ,2,0,0.0,0"
"202594,末包,2,0,0.0,0"
"202594,菊池,2,0,0.0,0"
"202594,坂倉,2,1,0.5,0"
"202594,佐々木,2,1,0.5,0"
"202594,髙,0,0,0,0"
"202594,ハーン,0,0,0,0"
"202595,中村奨,4,2,0.5,0"
"202595,ファビアン,3,1,0.3333333333333333,0"
"202595,小園,4,1,0.25,0"
"202595,モンテロ,4,0,0.0,0"
"202595,末包,4,2,0.5,0"
"202595,菊池,4,0,0.0,0"
"202595,坂倉,4,0,0.0,0"
"202595,佐々木,3,0,0.0,0"
"202595,森,1,0,0.0,0"
"202595,二俣,1,1,1.0,0"
"202595,鈴木,0,0,0,0"
"202595,秋山,1,0,0.0,0"
"202595,辻,0,0,0,0"
"202595,岡本,0,0,0,0"
"202596,中村奨,5,1,0.2,0"
"202596,ファビアン,3,2,0.6666666666666666,0"
"202596,小園,5,2,0.4,0"
"202596,モンテロ,5,2,0.4,1"
"202596,末包,4,0,0.0,0"
"202596,菊池,4,1,0.25,0"
"202596,佐々木,4,1,0.25,0"
"202596,石原,4,3,0.75,0"
"202596,常廣,3,0,0.0,0"
"202596,ハーン,0,0,0,0"
"202596,中﨑,0,0,0,0"
"202596,前川,1,0,0.0,0"
"202596,辻,0,0,0,0"
"202597,中村奨,4,1,0.25,0"
"202597,ファビアン,4,1,0.25,0"
"202597,羽月,4,0,0.0,0"
"202597,小園,4,0,0.0,0"
"202597,モンテロ,4,1,0.25,0"
"202597,秋山,4,1,0.25,0"
"202597,佐々木,3,0,0.0,0"
"202597,石原,2,0,0.0,0"
"202597,アドゥワ,1,0,0.0,0"
"202597,矢野,0,0,0,0"
"202597,ハーン,0,0,0,0"
"202597,栗林,0,0,0,0"
"202597,島内,0,0,0,0"
"202597,野間,1,1,1.0,0"
"202597,森浦,0,0,0,0"
"202599,中村奨,4,0,0.0,0"
"202599,野間,1,0,0.0,0"
"202599,岡本,0,0,0,0"
"202599,ファビアン,5,2,0.4,0"
"202599,小園,5,3,0.6,1"
"202599,モンテロ,4,0,0.0,0"
"202599,末包,4,0,0.0,0"
"202599,坂倉,3,1,0.3333333333333333,1"
"202599,菊池,4,1,0.25,0"
"202599,佐々木,4,1,0.25,0"
"202599,床田,3,2,0.6666666666666666,2"
"202599,大盛,1,0,0.0,0"
"2025910,中村奨,5,1,0.2,0"
"2025910,ファビアン,4,2,0.5,0"
"2025910,小園,3,1,0.3333333333333333,1"
"2025910,モンテロ,4,1,0.25,0"
"2025910,羽月,0,0,0,0"
"2025910,島内,0,0,0,0"
"2025910,末包,3,2,0.6666666666666666,1"
"2025910,菊池,4,1,0.25,1"
"2025910,佐々木,3,1,0.3333333333333333,0"
"2025910,會澤,3,0,0.0,0"
"2025910,大盛,1,0,0.0,0"
"2025910,大瀬良,2,0,0.0,0"
"2025910,秋山,1,0,0.0,0"
"2025910,栗林,0,0,0,0"
"2025910,坂倉,1,0,0.0,0"
"2025911,中村奨,5,2,0.4,1"
"2025911,大盛,5,1,0.2,0"
"2025911,小園,5,3,0.6,1"
"2025911,森浦,0,0,0,0"
"2025911,ファビアン,5,1,0.2,0"
"2025911,坂倉,2,0,0.0,0"
"2025911,菊池,4,1,0.25,0"
"2025911,前川,4,0,0.0,0"
"2025911,佐々木,3,1,0.3333333333333333,0"
"2025911,髙,3,0,0.0,0"
"2025911,栗林,0,0,0,0"
"2025911,末包,1,0,0.0,0"
"2025911,島内,0,0,0,0"
"2025911,矢野,0,0,0,0"
"2025912,中村奨,5,3,0.6,0"
"2025912,ファビアン,5,2,0.4,2"
"2025912,辻,0,0,0,0"
"2025912,小園,4,2,0.5,1"
"2025912,矢野,0,0,0,0"
"2025912,モンテロ,3,1,0.3333333333333333,0"
"2025912,中﨑,0,0,0,0"
"2025912,前川,0,0,0,0"
"2025912,坂倉,2,1,0.5,3"
"2025912,石原,0,0,0,0"
"2025912,羽月,4,0,0.0,0"
"2025912,佐々木,4,3,0.75,0"
"2025912,大盛,4,0,0.0,0"
"2025912,森,3,0,0.0,0"
"2025912,二俣,1,1,1.0,0"
"2025913,中村奨,3,2,0.6666666666666666,2"
"2025913,ファビアン,4,2,0.5,2"
"2025913,小園,4,2,0.5,1"
"2025913,二俣,0,0,0,0"
"2025913,モンテロ,4,1,0.25,0"
"2025913,岡本,0,0,0,0"
"2025913,鈴木,0,0,0,0"
"2025913,坂倉,4,1,0.25,0"
"2025913,羽月,4,1,0.25,0"
"2025913,秋山,3,1,0.3333333333333333,0"
"2025913,ハーン,0,0,0,0"
"2025913,矢野,1,1,1.0,0"
"2025913,佐々木,4,1,0.25,0"
"2025913,常廣,1,0,0.0,0"
"2025913,大盛,1,1,1.0,0"
"2025914,中村奨,5,2,0.4,3"
"2025914,ファビアン,5,0,0.0,0"
"2025914,小園,5,1,0.2,0"
"2025914,モンテロ,4,2,0.5,0"
"2025914,坂倉,4,0,0.0,0"
"2025914,秋山,4,2,0.5,0"
"2025914,菊池,3,2,0.6666666666666666,1"
"2025914,羽月,0,0,0,0"
"2025914,佐々木,4,1,0.25,1"
"2025914,アドゥワ,2,0,0.0,0"
"2025914,岡本,0,0,0,0"
"2025914,野間,1,1,1.0,1"
"2025914,島内,0,0,0,0"
"2025914,前川,0,0,0,0"
"2025914,森浦,0,0,0,0"
"2025915,中村奨,2,0,0.0,0"
"2025915,羽月,3,2,0.6666666666666666,0"
"2025915,栗林,0,0,0,0"
"2025915,大盛,1,0,0.0,0"
"2025915,小園,3,2,0.6666666666666666,3"
"2025915,ファビアン,4,1,0.25,1"
"2025915,坂倉,4,1,0.25,1"
"2025915,秋山,3,0,0.0,0"
"2025915,島内,0,0,0,0"
"2025915,森浦,0,0,0,0"
"2025915,矢野,3,1,0.3333333333333333,0"
"2025915,前川,3,0,0.0,0"
"2025915,玉村,1,0,0.0,0"
"2025915,ハーン,0,0,0,0"
"2025915,佐々木,1,1,1.0,0"
"2025915,菊池,1,1,1.0,0"
"2025917,中村奨,3,2,0.6666666666666666,0"
"2025917,ファビアン,3,0,0.0,0"
"2025917,小園,4,1,0.25,1"
"2025917,モンテロ,4,0,0.0,0"
"2025917,坂倉,4,1,0.25,0"
"2025917,秋山,4,1,0.25,0"
"2025917,菊池,4,0,0.0,0"
"2025917,佐々木,4,1,0.25,0"
"2025917,床田,2,1,0.5,0"
"2025917,高橋,0,0,0,0"
"2025917,末包,1,0,0.0,0"
"2025917,辻,0,0,0,0"
"2025917,鈴木,0,0,0,0"
"2025917,前川,1,0,0.0,0"
"2025918,中村奨,5,1,0.2,1"
"2025918,ファビアン,4,1,0.25,1"
"2025918,小園,4,2,0.5,0"
"2025918,モンテロ,4,0,0.0,0"
"2025918,末包,4,2,0.5,0"
"2025918,菊池,3,1,0.3333333333333333,0"
"2025918,佐々木,4,1,0.25,0"
"2025918,石原,1,0,0.0,0"
"2025918,坂倉,1,0,0.0,0"
"2025918,髙,1,0,0.0,0"
"2025918,二俣,1,0,0.0,0"
"2025918,中﨑,0,0,0,0"
"2025918,秋山,1,0,0.0,0"
"2025918,ハーン,0,0,0,0"
"2025918,高橋,0,0,0,0"
"2025918,鈴木,0,0,0,0"
"2025918,大盛,1,0,0.0,0"
"2025919,中村奨,5,0,0.0,0"
"2025919,ファビアン,4,2,0.5,2"
"2025919,小園,4,2,0.5,0"
"2025919,末包,3,0,0.0,0"
"2025919,坂倉,4,1,0.25,2"
"2025919,佐々木,4,1,0.25,0"
"2025919,矢野,3,0,0.0,0"
"2025919,野間,1,0,0.0,0"
"2025919,會澤,2,0,0.0,0"
"2025919,大盛,1,0,0.0,0"
"2025919,大瀬良,1,0,0.0,0"
"2025919,秋山,1,1,1.0,0"
"2025919,栗林,0,0,0,0"
"2025919,島内,0,0,0,0"
"2025919,モンテロ,1,1,1.0,0"
"2025919,羽月,0,0,0,0"
"2025920,中村奨,3,1,0.3333333333333333,1"
"2025920,ファビアン,4,1,0.25,0"
"2025920,小園,4,1,0.25,0"
"2025920,末包,3,0,0.0,0"
"2025920,モンテロ,3,0,0.0,0"
"2025920,菊池,3,0,0.0,0"
"2025920,佐々木,3,1,0.3333333333333333,0"
"2025920,石原,2,0,0.0,0"
"2025920,野間,1,0,0.0,0"
"2025920,中﨑,0,0,0,0"
"2025920,森,1,0,0.0,0"
"2025920,秋山,1,0,0.0,0"
"2025920,ハーン,0,0,0,0"
"2025920,辻,0,0,0,0"
"2025920,坂倉,1,0,0.0,0"
"2025921,中村奨,4,0,0.0,0"
"2025921,ファビアン,3,0,0.0,0"
"2025921,小園,4,0,0.0,0"
"2025921,辻,0,0,0,0"
"2025921,佐々木,4,2,0.5,0"
"2025921,大盛,4,2,0.5,0"
"2025921,坂倉,3,1,0.3333333333333333,0"
"2025921,矢野,2,0,0.0,1"
"2025921,鈴木,0,0,0,0"
"2025921,二俣,1,0,0.0,0"
"2025921,清水,4,1,0.25,0"
"2025921,常廣,1,0,0.0,0"
"2025921,秋山,1,1,1.0,1"
"2025921,高橋,0,0,0,0"
"2025921,前川,2,0,0.0,0"
"2025923,中村奨,4,3,0.75,2"
"2025923,ファビアン,4,0,0.0,0"
"2025923,大盛,0,0,0,0"
"2025923,小園,1,0,0.0,0"
"2025923,矢野,1,0,0.0,0"
"2025923,佐々木,4,2,0.5,0"
"2025923,末包,3,1,0.3333333333333333,2"
"2025923,ハーン,0,0,0,0"
"2025923,島内,0,0,0,0"
"2025923,内田,1,0,0.0,0"
"2025923,林,3,1,0.3333333333333333,0"
"2025923,前川,1,1,1.0,1"
"2025923,菊地,0,0,0,0"
"2025923,佐藤啓,4,0,0.0,0"
"2025923,清水,3,0,0.0,0"
"2025923,玉村,2,1,0.5,0"
"2025923,久保,1,0,0.0,0"
"2025926,中村奨,3,1,0.3333333333333333,0"
"2025926,大盛,2,0,0.0,0"
"2025926,高橋,0,0,0,0"
"2025926,内田,2,2,1.0,0"
"2025926,佐々木,4,1,0.25,0"
"2025926,末包,3,0,0.0,0"
"2025926,滝田,0,0,0,0"
"2025926,菊地,0,0,0,0"
"2025926,前川,1,0,0.0,0"
"2025926,常廣,0,0,0,0"
"2025926,林,4,1,0.25,0"
"2025926,矢野,4,0,0.0,0"
"2025926,佐藤啓,4,1,0.25,1"
"2025926,石原,1,0,0.0,0"
"2025926,床田,1,0,0.0,0"
"2025926,久保,2,0,0.0,0"
"2025927,中村奨,4,2,0.5,0"
"2025927,大盛,3,2,0.6666666666666666,0"
"2025927,佐々木,4,1,0.25,1"
"2025927,モンテロ,4,0,0.0,0"
"2025927,久保,0,0,0,0"
"2025927,前川,4,1,0.25,0"
"2025927,佐藤啓,4,0,0.0,0"
"2025927,内田,3,0,0.0,0"
"2025927,石原,4,2,0.5,0"
"2025927,森,0,0,0,0"
"2025927,林,1,0,0.0,0"
"2025927,鈴木,0,0,0,0"
"2025927,益田,0,0,0,0"
"2025927,末包,1,0,0.0,0"
"2025928,中村奨,3,1,0.3333333333333333,1"
"2025928,大盛,4,1,0.25,0"
"2025928,佐々木,4,0,0.0,0"
"2025928,モンテロ,4,1,0.25,1"
"2025928,前川,4,0,0.0,0"
"2025928,林,3,1,0.3333333333333333,0"
"2025928,羽月,0,0,0,0"
"2025928,常廣,0,0,0,0"
"2025928,滝田,0,0,0,0"
"2025928,辻,0,0,0,0"
"2025928,内田,1,0,0.0,0"
"2025928,矢野,3,0,0.0,0"
"2025928,清水,3,1,0.3333333333333333,0"
"2025928,髙,1,0,0.0,0"
"2025928,高橋,0,0,0,0"
"2025928,末包,1,0,0.0,0"
"2025928,ハーン,0,0,0,0"
"2025928,菊地,0,0,0,0"
"2025928,ファビアン,0,0,0,0"
"2025928,佐藤啓,0,0,0,0"
"2025103,中村奨,4,2,0.5,0"
"2025103,大盛,2,0,0.0,0"
"2025103,久保,1,1,1.0,0"
"2025103,小園,2,2,1.0,0"
"2025103,矢野,2,1,0.5,1"
"2025103,佐々木,4,1,0.25,0"
"2025103,林,4,0,0.0,0"
"2025103,渡邉,4,0,0.0,0"
"2025103,佐藤啓,3,0,0.0,0"
"2025103,益田,0,0,0,0"
"2025103,大道,0,0,0,0"
"2025103,モンテロ,1,1,1.0,0"
"2025103,羽月,0,0,0,0"
"2025103,清水,3,0,0.0,0"
"2025103,末包,1,0,0.0,0"
"2025103,斉藤,1,0,0.0,0"
"2025103,ハーン,0,0,0,0"
"2025103,内田,1,0,0.0,0"
"2025103,滝田,0,0,0,0"
"2025103,前川,1,0,0.0,0"
"2025104,田中,4,0,0.0,0"
"2025104,羽月,0,0,0,0"
"2025104,菊池,2,1,0.5,0"
"2025104,矢野,1,0,0.0,0"
"2025104,中村奨,4,1,0.25,0"
"2025104,佐々木,4,1,0.25,0"
"2025104,末包,3,0,0.0,0"
"2025104,松山,1,0,0.0,0"
"2025104,渡邉,4,1,0.25,1"
"2025104,久保,2,0,0.0,0"
"2025104,上本,1,0,0.0,0"
"2025104,辻,0,0,0,0"
"2025104,高橋,0,0,0,0"
"2025104,石原,2,1,0.5,0"
"2025104,佐藤柳,0,0,0,0"
"2025104,小園,0,0,0,0"
"2025104,ハーン,0,0,0,0"
"2025104,鈴木,0,0,0,0"
"2025104,菊地,0,0,0,0"
"2025104,大盛,1,0,0.0,0"
